organizer,eventName,date,time,address
Mark Jensen,Atlanta Product Leaders Happy Hour,"Wednesday, October 16",5:30 PM - 7:30 PM EDT,Atlanta
Sk√°nia Florestal,Vision to Vanguard: HBCUMADE Building Agency,"Wednesday, October 16",6:00 PM - 9:00 PM EDT,Atlanta
Robert Maddox,"Find a Cofounder, Help or Join a Tech Startup","Thursday, October 17",6:00 PM - 9:00 PM EDT,Atlanta
Gozel,Atlanta Tech + Startups Social in Midtownüç∏üéâ,"Wednesday, October 23",6:30 PM - 9:00 PM EDT,Atlanta
ADPList,ADPList Meetup | Boston üá∫üá∏,"Wednesday, October 23",5:00 PM - 8:00 PM EDT,Boston
Juan Allen,Gaming Hangout x OLA GG,"Wednesday, October 16",7:00 PM - 9:00 PM GMT-3,Buenos Aires
Business Club de FCE-UBA,Google: Una Empresa Centrada En IA,"Monday, October 21",4:00 PM - 6:00 PM GMT-3,Buenos Aires
Seedstars MC,Seedstars Villa Buenos Aires 2024,"Thursday, October 31",6:00 PM - 10:30 PM GMT-3,Buenos Aires
Latinxs in Sustainability,Hispanic Heritage Month Celebration with Latinxs in Sustainability Chicago,"Tuesday, October 15",5:30 PM - 7:30 PM,Chicago
Her Workplace,Her Workplace - Chicago Launch Event!,"Tuesday, October 15",6:00 PM - 8:00 PM,Chicago
Guillermo Thompson Clavell,Tech leaders exchange,"Tuesday, October 15",6:00 PM - 9:00 PM,Chicago
Latinas in Tech - Chicago,Latinos in Action: Solving Legal Tech's Biggest Challenges,"Wednesday, October 16",5:30 PM - 8:00 PM,Chicago
Billy Ndizeye,1871 and World Business Chicago Founder Pitch Showcase,"Thursday, October 17",2:00 PM - 4:00 PM,Chicago
ADPList,Brand Power: Enhance Your Professional Identity | ADPList Chicago üá∫üá∏ (Powered by SpotHero and Locofy),"Friday, October 18",5:00 PM - 8:30 PM,Chicago
Asian Hustle Network,AAPI Founders Mixer & Networking Event,"Friday, October 18",6:00 PM - 9:00 PM,Shoptalk
The 10th House by Female Founder Collective,{CHICAGO} FFC Fall Day: Beyond the Startup: Scaling Journeys for Women Founders,"Tuesday, October 22",4:30 PM - 7:00 PM,Chicago
Nia Pryce,Early-Stage B2B SaaS VC/Founder Chicago Coffee Meetup,"Wednesday, October 23",10:00 AM - 12:00 PM,Chicago
Talent Collective,Chicago ~ Recruiter Happy Hour,"Wednesday, October 23",5:00 PM - 7:00 PM,Chicago
Mabel Oza,CRYPTO CULTURE 101: LEARN THE HISTORY! THE IDEOLOGY! THE MEMES! (THE GENESIS),"Wednesday, October 23",6:30 PM - 8:00 PM,Chicago
Gozel,Downtown Chicago Tech + Startups Social üç∏,"Wednesday, October 23",6:30 PM - 9:00 PM,Chicago
GATLING,Make Way: A Gatling Launch Party,"Thursday, October 24",6:00 PM - 10:00 PM,Chicago
Girl Dinner Social,GDS Book Club,"Sunday, October 27",6:00 PM - 8:30 PM,Chicago
Optimo Hats,Street Naming in Honor of Johnny L. Tyus 'The Hat Man',"Wednesday, October 30",4:30 PM - 5:30 PM,Chicago
Pete Pellizzari,EdTech Institute of Chicago x Future of Higher Education (FOHE) Fall Happy Hour,"Thursday, November 7",5:30 PM - 7:30 PM,Chicago
,The Ascension: Surge Institute's 10 Year Anniversary Celebration,"Thursday, November 7",6:00 PM - 11:00 PM,Chicago
Seed Angel Forum,Seed Angel Forum | Q3 Denver - Investors,"Wednesday, October 16",4:30 PM - 6:30 PM MDT,Denver
Hannah Davis,Boulder Climate Happy Hour - October,"Wednesday, October 16",5:30 PM - 7:30 PM MDT,Denver
Boulder Ruby Group,Boulder Ruby October 2024 Presentation Night,"Wednesday, October 16",6:00 PM - 8:30 PM MDT,Denver
Nomadic Venture Partners,Industrial Climate Tech Summit 2024,"Friday, October 18",8:30 AM - 7:00 PM MDT,Denver
Emily Salberg,OCTOBER What She Said: IRL Group ChatüìçDENVER,"Tuesday, October 22",6:00 PM - 8:00 PM MDT,Denver
Techstars,Techstars Space Fall 2024 - Startup Showcase Mixer,"Wednesday, October 23",4:00 PM - 7:00 PM MDT,Denver
Latinas in Tech - Denver,Latinas in Tech Denver Presents: Tech Talent 2 - Elevating Your Career Journey!,"Wednesday, October 30",6:30 PM - 8:00 PM MDT,Denver
Latinas in Tech - Denver,Latinas in Tech Denver presents: Meet the Million Dollar You with Elyse Archer,"Wednesday, November 6",6:00 PM - 8:30 PM MST,Denver
Juliette Richert,Female Founders + Friends with The Artemis Fund x Sesh x JPM,"Thursday, October 17",9:00 AM - 11:00 AM,Houston
Fernando Moguel,Art of Gen,"Thursday, October 17",6:00 PM - 9:00 PM,Houston
Bee Abled,Saturday Morning Workout w/Bee Abled,"Saturday, October 19",9:00 AM - 11:00 AM,Houston
City Girls Who Walk Houston,City Girls Picnic,"Saturday, October 19",11:00 AM - 1:00 PM,Houston
Olesia Saviuk,CTO Talks. Houston #2,"Tuesday, October 22",6:00 PM - 9:00 PM,Houston
Chief of Staff Network,Houston CoS Meetup (10/24),"Thursday, October 24",5:00 PM - 7:00 PM,Houston
Lilie,Startup Law 101,"Friday, October 25",1:00 PM - 2:00 PM,Houston
Taylor Chapman,Houston Witch Paddle,"Saturday, October 26",10:00 AM - 2:00 PM,Houston
,2024 Houston Half Marathon & 10K Race,"Sunday, October 27",5:50 AM - 10:30 AM,Houston
Yuri Amor Perez,Release & Reimagine: Yoga and Sound Healing Experience,"Sunday, October 27",11:00 AM - 12:30 PM,Houston
The invincible Team,TUXDay | Accessibility,"Tuesday, October 29",6:00 PM - 9:00 PM,Houston
Houston Women in VC,Houston Women In VC Luncheon,"Tuesday, November 5",12:00 PM - 1:30 PM ¬∑ 2 sessions,Houston
VCPE GROUPS,Entrepreneur Ventures & VCPE GROUPS @ #LATechWeek PITCH & PANEL: üåü  Founders & Investors,"Tuesday, October 15",12:00 PM - 4:00 PM PDT,LA Tech Week
WeAreLATech,‚ú® Female Founder Showcase LA #TechWeek,"Tuesday, October 15",4:00 PM - 7:00 PM PDT,LA Tech Week
Atal Agarwal,Immigrant Founders Networking #LATechWeek,"Tuesday, October 15",5:00 PM - 8:00 PM PDT,LA Tech Week
Roy Mandanas,#LATechWeek Preccelerator Demo Day,"Tuesday, October 15",6:00 PM - 8:30 PM PDT,LA Tech Week
Jason Yeh,dawn patrol ‚Äì LA edition ‚Äì coffee | companies | capital | #LATechWeek,"Wednesday, October 16",8:00 AM - 10:00 AM PDT,LA Tech Week
The KINN,Startup Cafe with Mike True & Alexandra Rossi,"Wednesday, October 16",8:45 AM - 10:30 AM PDT,Los Angeles
Suffiyan Malik,"Future of Industry ft. Doug (Radiant Nuclear),Coogan (Founders Fund),Bruey (Varda Space) & Jason (Outpost Space) #LATechWeek","Wednesday, October 16",1:30 PM - 4:30 PM PDT,LA Tech Week
Startup Coil,Demo Day #LATechWeek,"Wednesday, October 16",4:30 PM - 10:30 PM PDT,LA Tech Week
Gabriella Zielke,Immersive Space: Bridging Sci-Fi Dreams and Reality at LA #TechWeek,"Wednesday, October 16",5:00 PM - 7:00 PM PDT,LA Tech Week
Microsoft for Startups,"AI Founder X Funder Dinner at #LATechWeek, Presented by Microsoft for Startups","Wednesday, October 16",6:00 PM - 10:00 PM PDT,LA Tech Week
Michael Corr,LA Hardware Happy Hour #LATechWeek,"Wednesday, October 16",6:00 PM - 9:00 PM PDT,LA Tech Week
Neal Patel,"Artificially Un-Intelligent: A Tech Comedy Show @ #LATechWeek, Presented by Avenue Z and Just Go Grind","Wednesday, October 16",7:00 PM - 9:00 PM PDT,LA Tech Week
Tech Week,"AI x Cybersecurity w/ Kindo, Arc, & Riot Ventures #LATechWeek","Thursday, October 17",9:00 AM - 12:00 PM PDT,Los Angeles
Roy Mandanas,LA #TechWeek Investor 360: VC Fireside Chat,"Thursday, October 17",12:00 PM - 2:00 PM PDT,LA Tech Week
WE Global,WE Global Founderverse Summit & Launch Party #LATechWeek,"Thursday, October 17",2:00 PM - 8:00 PM PDT,LA Tech Week
Garrison Gowens,Storytelling for Scale: Insights from Industry Titans by Cake Equity & Vistra #LATechWeek,"Thursday, October 17",4:00 PM - 7:00 PM PDT,LA Tech Week
Kyosuke Togami,„ÄéMELT„Äè150+ Founders x Investors Dynamic Network - #LA Techweek,"Thursday, October 17",5:00 PM - 7:00 PM PDT,LA Tech Week
Christopher Carew,Piertop Sunset Mix & Mingle #LATechWeek,"Thursday, October 17",5:00 PM - 9:00 PM PDT,LA Tech Week
Brent Liang,Planet Play Presents: Gaming LA @ Google HQ #LATechWeek,"Thursday, October 17",5:00 PM - 8:00 PM PDT,LA Tech Week
Startup Coil,Santa Monica Startup Social ‚Ä¢ #LATechWeek,"Thursday, October 17",5:00 PM - 10:00 PM PDT,LA Tech Week
Erick Salazar,HEALTHTECH PITCH (COCKTAIL NETWORKING AND FAST PITCH),"Tuesday, October 15",5:30 PM - 7:30 PM CST,Mexico City
Iliana,Pfizer + Sof√≠a crean HABLEMOS EN ROSA: C√°ncer de mama sin miedos ni dudas,"Thursday, October 17",7:00 PM - 11:00 PM CST,Mexico City
Leah Goodman,Full Moon Energy: Embracing the Language of Movement,"Friday, October 18",6:30 PM - 9:30 PM CST,Mexico City
Fractal Caf√©,Aniversario 10 de Fractal Caf√©! ü•≥‚òïÔ∏èüåé,"Saturday, October 19",12:00 PM - 8:00 PM CST,Mexico City
Mexico Tech Week,Startups Running Club - ASDeporte Invita,"Monday, October 21",6:30 AM - 8:30 AM CST,Mexico City
Mexico Tech Week,Amela & Carpe Morning Club: Connect with female founders,"Monday, October 21",8:00 AM - 10:00 AM CST,Mexico City
Mexico Tech Week,Healthtech Visionaries: Opportunities in Women‚Äôs Health,"Monday, October 21",10:30 AM - 1:00 PM CST,Mexico City
Mexico Tech Week,Diving deep on AI in Mexico: In Conversation with Rest of World,"Monday, October 21",5:00 PM - 8:00 PM CST,Mexico City
Mexico Tech Week,MXTW: Transformaci√≥n Digital Para Fundadoras No T√©cnicos,"Tuesday, October 22",8:30 AM - 1:00 PM CST,Mexico City
Mexico Tech Week,Emerging Managers & LP meetup #MexicoTechWeek,"Tuesday, October 22",5:30 PM - 9:00 PM CST,Mexico City
Mexico Tech Week,"International Community in Mexico: Unlocking Professional, Economic, and Cultural Opportunities","Tuesday, October 22",6:00 PM - 7:00 PM CST,Mexico City
Mexico Tech Week,Tech Nights: Retos de escalar SaaS en Latinoam√©rica.,"Tuesday, October 22",6:00 PM - 10:00 PM CST,Mexico City
Mexico Tech Week,Very.Fun Night: Stand-Up Comedy Open Mic,"Tuesday, October 22",6:30 PM - 9:00 PM CST,Mexico City
Mexico Tech Week,Fuckup Nights x Get on Board,"Tuesday, October 22",7:00 PM - 12:00 AM CST,Mexico City
Sophia Liu,Sof√≠a + BBVA Spark | Desayuno con un M√©dico Genetista,"Wednesday, October 23",8:30 AM - 11:30 AM CST,Mexico City
Mexico Tech Week,Startups Latam Week M√©xico 2024 üá≤üáΩ,"Wednesday, October 23",9:30 AM - 3:00 PM CST,Mexico City
Juan Manuel Pancic,Mobility & Tech,"Wednesday, October 23",12:00 PM - 3:00 PM CST,Mexico City
Mexico Tech Week,Founders‚Äô session on F*ck Ups on People Management by Skala,"Wednesday, October 23",2:00 PM - 4:00 PM CST,Mexico City
Mexico Tech Week,Coffee Talks: Art üé® ¬∑ Tech üë©üèΩ‚Äçüíª & Entrepreneurship üí™üèº,"Thursday, October 24",10:30 AM - 1:00 PM CST,Mexico City
Mexico Tech Week,"IGNIA Insight Sessions - MXTW Edition - Co-hosted by Mujeres Invirtiendo, Wizeline & Descubre.VC","Thursday, October 24",4:00 PM - 6:00 PM CST,Mexico City
GPTuesdays,AI Entrepreneur Speaker Series,"Tuesday, October 15",6:30 PM - 9:30 PM EDT,Miami
Aviva Werde,HR Amplified- IRL MIA Meetup,"Tuesday, October 15",6:30 PM - 8:00 PM EDT,Miami
GPTuesdays,Ruben Harris x Timur Meyster from Career Karma Unveil OutRival! Max Litvinov Demos DayApp,"Tuesday, October 15",6:30 PM - 9:30 PM EDT,Miami
Alexandre Crazover,"AiSalon Miami - October 16, 2024","Wednesday, October 16",5:30 PM - 9:30 PM EDT,Miami
Alex,Software Internals Meetup v3.1,"Wednesday, October 16",6:00 PM - 8:00 PM EDT,Miami
Startup Valley,Startup Pitch in Fort Lauderdale,"Wednesday, October 16",6:00 PM - 9:00 PM EDT,Miami
Alie Gonzalez-Guyon,workshop v0.3: Equation Based Robotic Fabrication,"Thursday, October 17",6:00 PM - 9:00 PM EDT,Miami
ADPList,ADPList Meetup | Miami üá∫üá∏,"Saturday, October 19",10:00 AM - 12:00 PM EDT,Miami
Early Burdz,Miami Mixer at the Coral Gables Museum,"Saturday, October 19",3:45 PM - 6:45 PM EDT,Miami
citizenM hotels,Venture Miami x citizenM Tech Mixer featuring Women in Miami Tech,"Tuesday, October 22",6:00 PM - 8:00 PM EDT,Miami
GPTuesdays,Why Did Cybersecurity Enable Skynet?,"Tuesday, October 22",6:30 PM - 9:30 PM EDT,Miami
Nikolai Strakh,2 Million-Follower Influencer Maksim Talkachou (Al Dante) & Award-Winning Leader Ilya Samokhvalov (Sila Sveta): Networking with 100+ Guests,"Wednesday, October 23",6:00 PM - 9:00 PM EDT,Miami
CGU - Connecting Giants and Unicorns,Future Health - Shaping Tomorrow‚Äôs Healthcare with AI and Digital Innovation,"Wednesday, October 23",6:00 PM - 10:00 PM EDT,Miami
Burhan Sebin,Miami AI Hub - Generative Gatherings,"Wednesday, October 23",6:00 PM - 9:00 PM EDT,Miami
Gozel,Miami Tech + Startups Social Hyatt Rooftop Brickellüç∏üéâ,"Wednesday, October 23",6:30 PM - 9:00 PM EDT,Miami
Miami Tech Works,Miami Tech Talent Coalition Meeting,"Thursday, October 24",9:30 AM - 12:00 PM EDT,Miami
Alie Gonzalez-Guyon,hack night v0.25,"Thursday, October 24",6:00 PM - 11:00 PM EDT,Miami
Startup Nightmare,Startup Nightmare - Miami 2024,"Thursday, October 24",7:00 PM - 11:00 PM EDT,Miami
Biohackers World,Biohackers World Conference & Expo | Miami 2024,"Saturday, October 26","9:00 AM - Oct 27, 7:00 PM EDT",Miami
CASA NEOS,FLOW FOR HOPE YOGA EVENT,"Saturday, October 26",11:00 AM - 1:00 PM EDT,Miami
Alexandre Cayla,Product Therapy Montreal - October 2024,"Tuesday, October 15",5:30 PM - 8:30 PM EDT,Montr√©al
Karam Nwilati,üí≠ Once Upon a Story: Taking Risks,"Wednesday, October 16",7:00 PM - 10:00 PM EDT,Montr√©al
ADPList,ADPList Meetup | Montr√©al üá®üá¶,"Thursday, October 17",6:00 PM - 8:00 PM EDT,Montr√©al
Alexandre Cayla,UX & Design Peer Therapy - Inaugural event,"Tuesday, October 22",5:30 PM - 8:30 PM EDT,Montr√©al
Maria,Builder mindset: dancing between design & engineering,"Tuesday, October 22",6:00 PM - 8:00 PM EDT,Montr√©al
Carolina,Mujeres en Tech Happy Hourüç∏üë©‚ÄçüíªPowered by Capital One,"Wednesday, October 23",6:00 PM - 9:00 PM CST,Montr√©al
Centech,L'IA g√©n√©rative et son impact sur les grandes organisations,"Thursday, October 24",9:00 AM - 1:00 PM EDT,Montr√©al
Alo Yoga,Alo Ste Catherine: Reset & Recharge Wellness Walk,"Sunday, October 27",10:30 AM - 11:30 AM EDT,Montr√©al
Louis Cleroux,Terror-Misu 2024,"Friday, November 1",10:30 PM - 3:00 AM EDT,Montr√©al
Centech,D√©couvrez l'innovation - rencontre avec Acc√©l√©ration,"Thursday, November 7",2:00 PM - 7:00 PM EST,Montr√©al
Andrew Chang,"Startup Fundraising Summit - By Investors, For Founders","Tuesday, October 15",3:30 PM - 8:00 PM EDT,New York
Erica Wenger,Hiring 101 Workshop for NYC Founders,"Tuesday, October 15",5:30 PM - 7:30 PM EDT,New York
The Feedback Loop,Startup Pitch Event! The Feedback Loop (10/15) w/ Rachel ten Brink of Red Bike Capital,"Tuesday, October 15",6:00 PM - 8:00 PM EDT,New York
Manan Modi,NYC B2B: Pre-Seed + Seed Founders & Investors Meetup,"Tuesday, October 15",6:30 PM - 8:30 PM EDT,New York
Kevin Weatherman,Pitch & Run - Williamsburg,"Wednesday, October 16",7:30 AM - 8:30 AM EDT,New York
Nia Pryce,AI Agents and the Enterprise: Today and Tomorrow,"Wednesday, October 16",8:30 AM - 10:30 AM EDT,New York
nextNYC,New to VC: Turning Community into Investment Opportunity,"Wednesday, October 16",8:30 AM - 10:00 AM EDT,New York
Marion - La Creme de la STEM ‚Ñ¢,Angel Investing Breakfast - Book Launch by La Creme de la STEM ‚Ñ¢,"Wednesday, October 16",9:00 AM - 11:00 AM EDT,New York
Caroline Gomes,"TechWalk NYC w/ Co-Hosts Wendy, Menno and Luca","Wednesday, October 16",12:30 PM - 1:30 PM EDT,New York
Ilias Anwar,"Ai/Creator Mixer- By Red Bull, Swifey App, TCC, And Tapped Ai. (Ad Week) event","Wednesday, October 16",6:00 PM - 8:00 PM EDT,New York
Ihar Mahaniok,Building Unicorns with Purpose,"Wednesday, October 16",6:00 PM - 9:00 PM EDT,New York
David Yakobovitch,NYC Tech CXO Mixer,"Wednesday, October 16",6:00 PM - 8:00 PM EDT,New York
Nucleate New York,BIOHACK NYC,"Wednesday, October 16",6:30 PM - 8:30 PM EDT,New York
The Dinner Table,The Dinner Table & Matchbox: Single's Dinner Party at SAINT East Village,"Wednesday, October 16",7:00 PM - 10:00 PM EDT,New York
Kevin Weatherman,Pitch and Run 730am Thursday Early Bird Spring+Summer Series,"Thursday, October 17",7:30 AM - 8:30 AM EDT,New York
Chief of Staff Network,Chief of Staff Connect 2024,"Thursday, October 17","9:00 AM - Oct 18, 1:00 PM EDT",New York
Kaila J. Lim,"Bio, Climate, Deep Tech Mixer: Antler VC & Nucleate NY","Thursday, October 17",6:00 PM - 8:00 PM EDT,New York
MLOps Community,Evolutionizing Data Pipelines and Personalized AI - MLOps Community,"Thursday, October 17",6:00 PM - 9:00 PM EDT,New York
nextNYC,How I Raised My Series A,"Thursday, October 17",6:00 PM - 8:00 PM EDT,New York
David Yakobovitch,"NYC Tech Community Happy Hour, powered by Plotly","Thursday, October 17",6:00 PM - 8:30 PM EDT,New York
Ed Melendez,Health Tech PHL,"Thursday, October 17",5:00 PM - 7:30 PM EDT,Philadelphia
Hike+Heal,Healing Hike--PHILLY,"Saturday, October 19",10:00 AM - 1:00 PM EDT,Philadelphia
Helena Jaramillo,On a walk with Goodthings,"Saturday, October 19",10:30 AM - 11:30 AM EDT,Philadelphia
Hike+Heal,Healing Hike--New Jersey,"Sunday, October 20",1:00 PM - 3:30 PM EDT,Philadelphia
Alex,Health2Tech - Series of Digital Health Events,"Tuesday, October 22",6:00 PM - 8:30 PM EDT,Philadelphia
,1PHL Innovation Awards presented by Comcast,"Thursday, October 24",6:00 PM - 7:30 PM EDT,Philadelphia
,1PHL Innovation Summit,"Friday, October 25",9:00 AM - 6:00 PM EDT,Philadelphia
Josh Devon,2024 Philadelphia Open Innovation Tournament,"Saturday, October 26","9:00 AM - Oct 27, 2:00 PM EDT",Philadelphia
,IW Brunch,"Saturday, October 26",11:00 AM - 2:00 PM EDT,Philadelphia
Julie Nguyen,Innovate & Connect: HealthTribe‚Äôs October Happy Hour,"Tuesday, October 29",5:30 PM - 7:30 PM EDT,Philadelphia
Bill Swartz,AI Venture Network AI Startup/Founder Mixer @Industrious Biltmore,"Thursday, October 17",5:30 PM - 8:30 PM MST,Phoenix
Tyler Leber,AZ Founders Happy Hour,"Thursday, October 17",7:00 PM - 9:00 PM MST,Phoenix
Arizona Entrepreneurs,4 Year Anniversary Red Carpet Event,"Friday, October 18",6:00 PM - 9:00 PM MST,Phoenix
KAKAO Ceremonial Drinking Chocolate,"Cacao x Kava Ceremony (PEACE TOUR) - GILBERT, AZ","Sunday, October 20",2:00 PM - 5:00 PM MST,Phoenix
Jeffrey D Abbott,"AI Salon Phoenix: October 22, 2024","Tuesday, October 22",6:00 PM - 8:00 PM MST,Phoenix
Shawn Allard,October Business Mixer (Hosted by Shawn Allard),"Tuesday, October 22",6:30 PM - 8:30 PM MST,Phoenix
Liz Blalock,PRO STYLE CLASS,"Wednesday, October 23",8:00 PM - 9:30 PM MST,Phoenix
PJ Way,AI Film 3 - AI Film And Art Festival Arizona,"Thursday, October 31","2:00 PM - Nov 2, 5:00 PM MST",Phoenix
Mad_Paiement,DeFi and Predictions Markets,"Tuesday, October 15",6:30 PM - 9:00 PM PDT,San Diego
Joseph Wyer,CCSD October Happy Hour,"Thursday, October 17",6:00 PM - 8:00 PM PDT,San Diego
Micaela Palacios,Full Moon Women's Circle,"Thursday, October 17",7:00 PM - 9:00 PM PDT,San Diego
Erika Rodriguez - Nadi Marketing,Pancakes with Purpose: Breakfast Networking for Good,"Friday, October 18",8:30 AM - 10:00 AM PDT,San Diego
RUN CLUB IMPERIAL BEACH,RUN CLUB,"Saturday, October 19",8:00 AM - 9:00 AM PDT,San Diego
Talent Collective,San Diego ~ Women in Recruiting Happy Hour,"Monday, October 21",6:00 PM - 8:00 PM PDT,San Diego
TechBio Transformers,TechBio San Diego Meetup,"Thursday, October 24",5:00 PM - 7:30 PM PDT,San Diego
MKTG WMN,Women in Marketing Meet-up in San Diego,"Thursday, October 24",7:00 PM - 9:00 PM PDT,San Diego
Laura Watts,Join Shepherd & OpenSpace for Happy Hour @ IRMI 2024,"Monday, October 28",4:30 PM - 6:30 PM PDT,San Diego
Sam Holmes,Weekend Function() { Meet and Learn from Local Software Developers },"Sunday, November 3",12:00 PM - 4:00 PM PST,San Diego
Nina Hamlett,0111 CTO Conference 2024 - November 7th & 8th,"Thursday, November 7","8:00 AM - Nov 8, 5:00 PM PST",San Diego
Dakota Monk,Between Two Founders #3: Mercury Co-founder & CEO Immad Akhund,"Tuesday, October 15",5:00 PM - 8:00 PM PDT,San Francisco
Atal Agarwal,Immigrants in Bay!,"Tuesday, October 15",5:00 PM - 7:00 PM PDT,San Francisco
AthenaDAO,AthenaDAOLabs Pop-Up: Panel on Menopause and Ovarian Aging,"Tuesday, October 15",6:00 PM - 9:00 PM PDT,San Francisco
ODSC,ODSC & Google Cloud AI Meetup in San Francisco,"Tuesday, October 15",6:00 PM - 8:00 PM PDT,SF Tech Week
Louisa Lu,The AI Hustle: Happy Hour for Startup Founders & VCs,"Tuesday, October 15",6:00 PM - 8:00 PM PDT,SF Tech Week
Gangesh,Silicon Valley Founders' Networking Mixer,"Wednesday, October 16",2:00 PM - 5:30 PM PDT,San Francisco
Alejandra Corbella,Crypto Underground: ETH Global SF Kickoff,"Wednesday, October 16",5:00 PM - 7:00 PM PDT,SF Build Week
Srinath,The PayFi Revolution: Where Crypto Meets Commerce,"Wednesday, October 16",5:30 PM - 8:00 PM PDT,San Francisco
Hans Paul Pizzinini,For The Rebels - San Francisco,"Wednesday, October 16",6:00 PM - 8:30 PM PDT,San Francisco
michael,AI + Health Demo Night,"Wednesday, October 16",6:30 PM - 8:30 PM PDT,Generative AI San Francisco and Bay Area
Mendel Liu,üß† The Thought Experiment Lab [public],"Wednesday, October 16",6:30 PM - 7:30 PM PDT,San Francisco
Atlas,Morning Tech Brew ‚òï,"Thursday, October 17",8:00 AM - 10:30 AM PDT,San Francisco
AthenaDAO,AthenaDAOLabs Pop-Up: Breakfast,"Thursday, October 17",9:00 AM - 11:00 AM PDT,SF Build Week
Heavybit,Heavybit DevTool Sessions,"Thursday, October 17",5:00 PM - 7:00 PM PDT,Generative AI San Francisco and Bay Area
Kyle Valiton,Agrifood and Carbon - Key Global Challenges & The Role of Data Science,"Thursday, October 17",6:00 PM - 8:30 PM PDT,San Francisco
The Battery Saloon,The Battery Saloon Halloween Edition- Shocktober,"Thursday, October 17",6:00 PM - 10:00 PM PDT,San Francisco
Murray,AI Healthcare & Life Sciences - Private VC / Startup Mixer,"Thursday, October 17",6:30 PM - 9:30 PM PDT,Generative AI San Francisco and Bay Area
Vikram Bhandari,GrabChai: SF's Craziest Product Meetup üöÄ,"Thursday, October 17",6:30 PM - 8:30 PM PDT,San Francisco
SWE Golden Gate,SWE GGS Professional Development Summit,"Friday, October 18",9:00 AM - 4:00 PM PDT,San Francisco
Arjun Subedi,Network with AI CTOs and Deep-tech Researchers,"Friday, October 18",4:00 PM - 6:00 PM PDT,San Francisco
Gustavo Brigatto,Caf√© com CTOs,"Friday, October 18",9:00 AM - 11:00 AM GMT-3,S√£o Paulo
Tat√° Scaroni,JOURNEY - Mercado Livre,"Friday, October 18",2:00 PM - 6:00 PM GMT-3,S√£o Paulo
Gustavo Brigatto,Pitch Reverso - AI Edition,"Tuesday, October 22",3:00 PM - 6:00 PM GMT-3,S√£o Paulo
Cubo Ita√∫,Insiders - Descarboniza√ß√£o da Industria,"Thursday, October 31",2:00 PM - 6:00 PM GMT-3,S√£o Paulo
Amanda,Lideran√ßa em Foco: O Desafio de Conectar Gera√ß√µes,"Tuesday, November 5",8:00 AM - 12:00 PM GMT-3,S√£o Paulo
Grayson Shor,PNW Battery Collaborative Meetup,"Wednesday, October 16",5:30 PM - 7:30 PM PDT,Seattle
Lowell Bander,Lunchtime Brainstorm: Crafting the 9Zero Climate Innovation Hub,"Friday, October 18",12:30 PM - 1:30 PM PDT,Seattle
Chief of Staff Network,Seattle CoS Meetup (Friday 10/18),"Friday, October 18",4:00 PM - 6:00 PM PDT,Seattle
B.E.L.L.E,Sustainable Business Models for Tech Startups: Balancing Growth and Profitability,"Saturday, October 19",10:30 AM - 12:00 PM PDT,Seattle
Seattle Wellness Summit,Seattle Wellness Summit,"Saturday, October 19",11:00 AM - 2:00 PM PDT,Seattle
Hailey Fletcher,Little Si Sunset + South Fork Dinner,"Sunday, October 20",4:00 PM - 8:00 PM PDT,Seattle
Charlotte Massey,"Make Art, Make Friends!","Monday, October 21",7:00 PM - 9:00 PM PDT,Seattle
Nivi Achanta,repair your clothes for a better world (dinner included),"Tuesday, October 22",6:00 PM - 9:00 PM PDT,Seattle
Industrious,Building Lasting Customer Loyalty,"Wednesday, October 23",6:00 PM - 8:00 PM PDT,Seattle
Yujian Tang,Open Source AI Hackathon #10,"Saturday, October 26",9:00 AM - 6:00 PM PDT,Generative AI San Francisco and Bay Area
Christine Alluise,Good Vibes Social Club,"Monday, October 28",6:00 PM - 7:30 PM PDT,Seattle
Mariana Antaya,Fintech Coffee Chat w Mar,"Saturday, November 2",2:00 PM - 4:00 PM PDT,Seattle
Amy Ogg,"Into Design Systems at BlinkUX - Seattle, USA","Wednesday, November 6",3:00 PM - 6:00 PM PST,Seattle
Keith McCall,Bellevue + Eastside Entrepreneurs,"Thursday, November 7",4:00 PM - 7:00 PM PST,Seattle
Early Burdz,Toronto Mixer at the Royal Ontario Museum,"Tuesday, October 15",6:00 PM - 8:30 PM EDT,Toronto
Slow Night,Accountability Buddy Club: October 2024,"Tuesday, October 15","6:15 PM - Oct 28, 9:00 PM EDT",Toronto
Dave Mence,Notion Toronto Community Meetup - October 2024 Edition,"Wednesday, October 16",6:00 PM - 8:00 PM EDT,Toronto
Lorenze Dsouza,Fintech Social Toronto,"Thursday, October 17",5:30 PM - 7:30 PM EDT,Toronto
Brittany Lee,Urban Techies Social #16 -  Fall Ed.,"Thursday, October 17",5:30 PM - 8:30 PM EDT,Toronto
Friends of Friends,Speed Friending Brothers Brewing  (30s & 40s),"Thursday, October 17",7:30 PM - 9:00 PM EDT,Toronto
Ryan Wong,Startup Breakthrough Mixer,"Friday, October 18",6:00 PM - 9:30 PM EDT,Toronto
Founders Running Club,Founders Running Club :: Toronto :: Easy Run + Talks,"Saturday, October 19",9:30 AM - 11:00 AM EDT,Toronto
see u irl,vol 11. of the serendipitous cafe,"Saturday, October 19",11:00 AM - 3:00 PM EDT,Toronto
16BitMiker,üç∫ Hacker Pub Afternoon,"Saturday, October 19",1:30 PM - 3:30 PM EDT,Toronto
Michael Liu,The Viral Ideas Brainstorm Walk + Lunch,"Sunday, October 20",10:00 AM - 1:00 PM EDT,Toronto Tech Fest
Jai Mansukhani,Building AI With Confidence: OpenSesame x Ada,"Tuesday, October 22",6:00 PM - 8:00 PM EDT,Toronto Tech Fest
PORCH,PORCH Exclusive Dinner w/ Scotiabank,"Tuesday, October 22",6:30 PM - 10:00 PM EDT,Toronto
Nia Pryce,Early-Stage B2B SaaS VC/Founder Toronto Coffee Meetup,"Wednesday, October 23",10:00 AM - 12:00 PM EDT,Toronto Tech Fest
Hyde Park Venture Partners,Off the Clock Networking with Hyde Park Venture Partners,"Wednesday, October 23",4:30 PM - 7:30 PM EDT,Toronto
Social Ventures Zone,Exploring Toronto‚Äôs Billion-Dollar Social Business Opportunities,"Wednesday, October 23",5:30 PM - 8:00 PM EDT,Toronto
Chief of Staff Network,CoS Toronto Meetup (10/24),"Thursday, October 24",5:30 PM - 7:30 PM EDT,Toronto
Eric Lay,7 & 8 Figure Agency Owners Private Dinner,"Thursday, October 24",6:00 PM - 9:00 PM EDT,Toronto Tech Fest
Aashima Asthana,Women Social Mixer X Her Money Talk,"Thursday, October 24",6:30 PM - 9:00 PM EDT,Toronto Tech Fest
Slow Night,Oct. 24: Collage @ Society Clubhouse,"Thursday, October 24",6:45 PM - 9:00 PM EDT,Toronto
Ernesto Pena,Game ON: Design Thinking in Action,"Tuesday, October 15",4:30 PM - 8:00 PM PDT,Vancouver
Bibi,VanJS x ThriveUp: Building Confidence as a Woman in Tech,"Wednesday, October 16",5:30 PM - 8:00 PM PDT,Vancouver
Anna Hughes,PNW Climate Week Fall Happy Hour,"Thursday, October 17",5:00 PM - 7:30 PM PDT,Vancouver
ShankyJS,2024: October CNCF Vancouver event üëª,"Friday, October 18",5:00 PM - 8:00 PM PDT,Vancouver
Sam Huo,Tech Enthusiast Coffee Chat - GDG Surrey - CodeForBC,"Saturday, October 19",10:00 AM - 12:00 PM PDT,Vancouver
toki,vtw monthly social,"Saturday, October 19",11:00 AM - 1:00 PM PDT,Vancouver
BobaTalks,BobaTalks x CS Dojo Vancouver: Coffee & Convos,"Sunday, October 20",10:00 AM - 11:30 AM PDT,Vancouver
toki,DevTools Vancouver Meetup,"Monday, October 21",5:30 PM - 8:30 PM PDT,Vancouver
VEF Events,BetaKit Town Hall: Vancouver (in Partnership with VEF),"Tuesday, October 22",5:00 PM - 8:00 PM PDT,Vancouver
Josh Thorsteinson,UBC AI Safety October Social: Constellations and Conversations,"Tuesday, October 22",7:00 PM - 9:00 PM PDT,Vancouver
toki,VTW x BetaKit Happy Hour,"Tuesday, October 22",8:30 PM - 10:30 PM PDT,Vancouver
The Test Tribe,Everything You Need to Know Before Starting Test Automation | In Person Testers Meetup | Vancouver,"Wednesday, October 23",6:00 PM - 8:00 PM PDT,Vancouver
Amanda Jang,Girls Tech Club x Swifties: Networking + Friendship Bracelets,"Wednesday, October 23",6:00 PM - 9:30 PM PDT,Vancouver
OpenRep AI,AI Mastery - Part 2: From Risk to Trust: Building Digital Trust in AI through Risk Management,"Thursday, October 24",4:30 PM - 7:00 PM PDT,Vancouver
Nicole Hsueh,#VTJTalks: Fall fundraising playbook: Insights from & for Vancouver founders,"Thursday, October 24",5:30 PM - 7:30 PM PDT,Vancouver
Careerin Tech Society,Vancouver Tech Community October 2024: Investing and Supporting Startups in Vancouver,"Thursday, October 24",6:00 PM - 9:00 PM PDT,Vancouver
Bibi,VanJS Halloween Talks üéÉ,"Friday, October 25",5:30 PM - 8:00 PM PDT,Vancouver
GDG Surrey,DevFest Surrey 2024 - Responsible AI,"Saturday, October 26",10:00 AM - 5:00 PM PDT,Vancouver
Yang Su,Domain-Driven Design x PM Hive Workshop (3 Part Series - Part 2 and 3),"Saturday, October 26",11:00 AM - 4:30 PM PDT,Vancouver
Sarim Khawaja,Morning Coffee Chat - PMs in Vancouver! (#14),"Sunday, October 27",11:00 AM - 2:00 PM PDT,Vancouver
The GenAI Collective,üß† GenAI Collective üß†  DC Kickoff üèõÔ∏è,"Thursday, October 17",6:30 PM - 9:00 PM EDT,"Washington, DC"
The Dinner Table,The Dinner Table at Mi Casa (Dupont Circle),"Thursday, October 17",7:00 PM - 9:00 PM EDT,"Washington, DC"
Burt Herman,AI Hackathon for Equity: Tackling Harmful Bias in the Information Ecosystem,"Friday, October 18","9:00 AM - Oct 19, 5:00 PM EDT","Washington, DC"
Even Adaptive,Get Ready With Me,"Friday, October 18",6:00 PM - 9:00 PM EDT,"Washington, DC"
The Inn by C3,SPECIAL GUEST ALERT: Are You Inn Mixer - OMG!,"Friday, October 18",7:00 PM - 11:00 PM EDT,"Washington, DC"
This Week in Fintech,DC Fintech Week Kickoff Happy Hour,"Monday, October 21",5:00 PM - 7:00 PM EDT,"Washington, DC"
Xiaochen Zhang,AI 2030 Summit - AI Governance Forum,"Wednesday, October 23",9:00 AM - 5:00 PM EDT,"Washington, DC"
Synctera,FS Vector & Synctera DC Fintech Week Happy Hour,"Wednesday, October 23",5:00 PM - 7:00 PM EDT,"Washington, DC"
Gozel,DC Tech + Startups Social,"Wednesday, October 23",6:30 PM - 9:00 PM EDT,"Washington, DC"
Alex,Health2Tech DC - Series of Digital Health Events,"Thursday, October 24",6:00 PM - 8:30 PM EDT,"Washington, DC"
Catherine McMillan,DC Tech Party #1 ü§ù,"Thursday, October 24",7:00 PM - 10:00 PM EDT,"Washington, DC"
WAZYFAMILY,"""BIDII"" RELEASE PARTY","Friday, October 25",7:00 PM - 11:00 PM EDT,"Washington, DC"
Bmore Mamas Co,High Grounds Halloween Walk,"Sunday, October 27",11:00 AM - 1:00 PM EDT,"Washington, DC"
Techstars,Techstars Space Fall 2024 - Startup Showcase Mixer,"Wednesday, October 30",4:00 PM - 7:00 PM EDT,"Washington, DC"
WorldStartup,Bootstrapping is Not a Survival Strategy,"Wednesday, October 16",11:00 AM - 1:00 PM GMT+2,Amsterdam
Loop Walking Club,Walky Talky: Where Serendipity Fuels Impact,"Wednesday, October 16",12:00 PM - 2:00 PM GMT+2,Amsterdam
Jochem Loedeman,MLOps Community Amsterdam Meetup @ Xebia,"Wednesday, October 16",6:00 PM - 9:00 PM GMT+2,Amsterdam
The Offline Club,Offline Dinner in Historic Canal House | Amsterdam,"Thursday, October 17",5:30 PM - 10:15 PM GMT+2,Amsterdam
Founders Running Club,Founders Running Club :: Amsterdam :: Easy 3‚Äì10K Run + Talks,"Saturday, October 19",10:00 AM - 11:30 AM GMT+2,Amsterdam
The Offline Club,ADE Special | Offline Brunch | HEARTH | Live Ambient Music,"Sunday, October 20",10:30 AM - 2:00 PM GMT+2,Amsterdam
James Donovan,Enterprise Tech Leadership Summit: Connect (Amsterdam),"Wednesday, October 23",3:00 PM - 8:00 PM GMT+2,Amsterdam
Dorothy Seguy,Meet & Greet l The Next Women,"Wednesday, October 23",5:00 PM - 8:00 PM GMT+2,Amsterdam
Chief of Staff Network,Amsterdam CoS Borrel (10/23),"Wednesday, October 23",6:00 PM - 8:00 PM GMT+2,Amsterdam
Sohey,BaseDAM,"Thursday, October 24",6:00 PM - 7:30 PM GMT+2,Amsterdam
Voices Unleashed,Voices Unleashed Unplugged - Amsterdam,"Thursday, October 24",6:30 PM - 10:00 PM GMT+2,Amsterdam
Hack Chapters,ClimateHack Amsterdam: Mobility in 2025 and Beyond x TheNextWeb,"Friday, October 25",5:00 PM - 7:30 PM GMT+2,Amsterdam
Kristina Noa,üåà Queer Offline Hangout | Amsterdam,"Sunday, November 3",2:00 PM - 5:30 PM GMT+1,Amsterdam
Fabrizio Capobianco,The Liquid Factory:  Let's Launch your Ideas to Silicon Valley Together,"Wednesday, October 16",6:00 PM - 8:00 PM GMT+2,Barcelona
Figalma Sounds,October Full Moon Sound Bath Series,"Wednesday, October 16",7:00 PM - 8:00 PM GMT+2,Barcelona
UTC,Open engineers night üçª,"Wednesday, October 16",7:00 PM - 10:00 PM GMT+2,Barcelona
Barcelona Digital Nomads,Weekly BCN Digital Nomads Meetup & Networking [5h + TERRACE + 4 DJs],"Wednesday, October 16",7:00 PM - 12:30 AM GMT+2,Barcelona
The Coffee Match,Specialty Coffee vs. Commercial Coffee,"Thursday, October 17",11:00 AM - 12:00 PM GMT+2,Barcelona
Freedom Creators,"The Soft Society - Expert Panel & Networking Experience for Coaches, Creators & Entrepreneurs","Thursday, October 17",5:30 PM - 8:30 PM GMT+2,Barcelona
Victor Molina Viedma,Tardeo de Producto en Barcelona #8,"Thursday, October 17",6:30 PM - 9:00 PM GMT+2,Barcelona
Duo Dinamico,Cocina pasta casera en pareja (precio por pareja),"Thursday, October 17",7:00 PM - 9:00 PM GMT+2,Barcelona
SABDA,INSPIRARE: Sue√±o  y Bienestar,"Thursday, October 17",7:30 PM - 10:00 PM GMT+2,Barcelona
Karisma Club,Casa Social Lounge | Karisma's First Home Party,"Friday, October 18",8:00 PM - 12:00 AM GMT+2,Barcelona
Founders Running Club,Founders Running Club :: Barcelona :: Easy Run + Talks,"Saturday, October 19",9:00 AM - 10:30 AM GMT+2,Barcelona
AURA Events,THE JUNCTION: A Silent Disco Fest,"Saturday, October 19",8:00 PM - 2:00 AM GMT+2,Barcelona
AURA Events,UNDER THE RADAR,"Saturday, October 19",11:55 PM - 6:00 AM GMT+2,Barcelona
City Girls Barcelona,Dog Walk with City Girls,"Sunday, October 20",9:30 AM - 10:45 AM GMT+2,Barcelona
By Sasha,Ceramics for the Soul,"Wednesday, October 23",7:30 PM - 9:30 PM GMT+2,Barcelona
Monica Gennarini,Book's Swap & Networking,"Thursday, October 24",7:00 PM - 8:30 PM GMT+2,Barcelona
Adrien B.,Flash Talks ‚ö°Ô∏è,"Thursday, October 24",7:00 PM - 10:00 PM GMT+2,Barcelona
Julia Stewart,"""Vamos a Ver"" Exhibition","Thursday, October 24",7:00 PM - 9:30 PM GMT+2,Barcelona
Ebru Kaya,"Regenerative Investing Barcelona, hosted by Atreyu","Friday, October 25","9:00 AM - Oct 26, 5:00 PM GMT+2",Barcelona
Sparkle Events,Orange is the New White: Wine Tasting,"Friday, October 25",7:00 PM - 8:30 PM GMT+2,Barcelona
ADPList,ADPList Berlin Social #2 üá©üá™,"Wednesday, October 16",6:30 PM - 9:30 PM GMT+2,Berlin
Yulia Yaryna,UX research knowledge sharing | R9. Berlin meetup #4,"Wednesday, October 16",6:30 PM - 9:30 PM GMT+2,Berlin
"Tamara Radakoviƒá, MD",Women Thriving - Celebrating World Menopause Day!,"Thursday, October 17",5:30 PM - 8:00 PM GMT+2,Berlin
Toni,CIB x TON Breakfast: The Future of TON - DeFi & Gaming Applications,"Thursday, October 17",7:00 PM - 10:30 PM GMT+2,Berlin
Nicholas Fiorenza,üçª Berlin Beers & Biotech Networking,"Friday, October 18",6:00 PM - 10:00 PM GMT+2,Berlin
Berlin Design e.V.,Berlin Design Circle | BDC05 ‚Äî Experiences of Gatherings,"Friday, October 18",7:00 PM - 11:00 PM GMT+2,Berlin
Nitin,Founders Running Club :: Berlin :: Easy Run + Talks,"Saturday, October 19",9:30 AM - 11:00 AM GMT+2,Berlin
Factory Network,AI Hacker Day,"Saturday, October 19",10:00 AM - 6:00 PM GMT+2,Berlin
Lost In Translation,A Feast in Autumn: Reclaiming Narratives,"Saturday, October 19",5:30 PM - 11:00 PM GMT+2,Berlin
femella Berlin,femella Berlin Launch Event,"Saturday, October 19",6:00 PM - 10:30 PM GMT+2,Berlin
Erika Cheung,"2050: The ""Good"" AI symposium","Tuesday, October 22","9:00 AM - Oct 23, 6:00 PM GMT+2",Berlin
Darya Kamkalova,Venturing Women Pitch Day at Google Berlin,"Tuesday, October 22",2:00 PM - 6:00 PM GMT+2,Berlin
FORUM,REGISTER for Powering Inequality,"Tuesday, October 22",6:30 PM - 8:30 PM GMT+2,Berlin
HelloCircle,People & Culture Breakfast | October Edition,"Wednesday, October 23",8:30 AM - 10:30 AM GMT+2,Berlin
Julia Wilson,Enterprise Tech Leadership Summit: Connect (Berlin),"Wednesday, October 23",3:00 PM - 8:00 PM GMT+2,Berlin
BerlinProductLeadershipRoundtable,Product Design Leadership Roundtable #3,"Thursday, October 24",6:30 PM - 9:30 PM GMT+2,Berlin
ChartMogul,RevOps After Hours by ChartMogul and Hyperline,"Thursday, October 24",6:30 PM - 9:30 PM GMT+2,Berlin
Jennifer,üåÄConscious Breathwork -A Journey Within üåÄ *auf Deutsch,"Friday, October 25",7:00 PM - 8:30 PM GMT+2,Berlin
Product UnConference,Product UnConference Berlin,"Saturday, October 26",10:00 AM - 5:00 PM GMT+2,Berlin
Molecule,Decentralized Science with Molecule & Zelar City,"Saturday, October 26",2:00 PM - 5:00 PM GMT+2,Berlin
Evie Kivi,Spacetime ‚Äì¬†offline hangout,"Wednesday, October 16",6:00 PM - 8:00 PM GMT+3,Helsinki
Founders Running Club,Founders Running Club :: Helsinki :: Easy Run + Talks,"Saturday, October 19",10:00 AM - 11:30 AM GMT+3,Helsinki
Aaltoes,Build a tech startup without technical skills,"Monday, October 21",6:00 PM - 8:00 PM GMT+3,Helsinki
Silent Book Club Helsinki,Silent Book Club Helsinki,"Friday, October 25",4:00 PM - 6:00 PM GMT+3,Helsinki
Dafne Meneses,Spooky Co-Working & Networking Day Helsinki,"Monday, October 28",10:00 AM - 1:00 PM GMT+2,Helsinki
Oona Suominen,Meet & Mix,"Friday, November 1",2:00 PM - 4:30 PM GMT+2,Helsinki
Prateek Singh,Hack my Robodog,"Saturday, November 2",2:00 PM - 9:00 PM GMT+2,Helsinki
Eve Herrera,Mobile Sunset Boat Party,"Wednesday, October 16",6:00 PM - 9:00 PM GMT+3,Istanbul
Mobidictum,Tec-Do 2.0 Mixer and Dinner,"Wednesday, October 16",6:30 PM - 11:00 PM GMT+3,Istanbul
No Reason Co,ENKA Interval Antrenmanƒ± ,"Wednesday, October 16",7:30 PM - 9:30 PM GMT+3,Istanbul
StartupTeknoloji,12. Giri≈üimcilik Ekosistemi Kahvaltƒ± Bulu≈ümasƒ±na Davetlisiniz!,"Saturday, October 19",8:30 AM - 3:00 PM GMT+3,Istanbul
No Reason Co,SAHƒ∞L HATTI KO≈ûUSU - Bebek Parkƒ±,"Saturday, October 19",8:30 AM - 10:30 AM GMT+3,Istanbul
pretyflaco,BitDevs Istanbul Socratic Seminar #3,"Saturday, October 19",5:00 PM - 8:00 PM GMT+3,Istanbul
Web 3 META Hub,Road The Devcon ƒ∞stanbul Meetup,"Saturday, October 19",5:00 PM - 9:00 PM GMT+3,Istanbul
IEEE MARMARA,Meme Kanseri ve HPV Farkƒ±ndalƒ±k Konferansƒ±,"Monday, October 21",4:00 PM - 7:00 PM GMT+3,Istanbul
IEEE MARMARA,git & GitHub Etkinliƒüi,"Wednesday, October 23",12:30 PM - 2:30 PM GMT+3,Istanbul
IEEE ƒ∞T√ú Y√∂netim Kurulu,IEEE ƒ∞T√ú Tanƒ±≈üma Toplantƒ±sƒ±,"Wednesday, October 23",6:00 PM - 9:00 PM GMT+3,Istanbul
SGlobe,RegTech Wave Lansman Etkinliƒüi,"Thursday, October 24",9:30 AM - 12:30 PM GMT+3,Istanbul
MLOps Community,MLOps Community Istanbul - Kickoff Happy Hour!,"Thursday, October 31",6:00 PM - 9:00 PM GMT+3,Istanbul
Omtera,"Data to Growth: The Modern Data Stack Experience with  Snowflake, Mixpanel and Braze","Wednesday, November 6",9:00 AM - 5:00 PM GMT+3,Istanbul
Michele Gallia,HealthTech: Spotlight on Commercial Success,"Wednesday, October 16",6:30 PM - 8:00 PM GMT+1,Lisbon
Wtech Portugal,Wtech Meetup Lisbon: A-players and how to work with them,"Thursday, October 17",7:00 PM - 9:00 PM GMT+1,Lisbon
SIPZ,SIPZ Crypto Friday - The Block Lisboa,"Friday, October 18",6:30 PM - 10:30 PM GMT+1,Lisbon
Christina - Cinderella Events,Day Dance ‚ÄûDisco Baroque‚Äú,"Saturday, October 19",4:00 PM - 8:00 PM GMT+1,Lisbon
Allegra Guinan,MLOps Lisbon Autumn Meetup,"Wednesday, October 23",5:30 PM - 9:00 PM GMT+1,Lisbon
Boris Petrovitch Njegosh,üëπ STRANGER Connexions #05,"Thursday, October 24",7:00 PM - 11:00 PM GMT+1,Lisbon
Ana Romero Monteiro,Halloween Extravaganza!,"Friday, October 25",9:30 PM - 2:00 AM GMT+1,Lisbon
Jack Haldorsson,CRYPTO AI:CON,"Saturday, November 9",9:30 AM - 7:30 PM GMT,Lisbon
Portuguese Women in Tech,PWIT Awards 2024 - Winners' Announcement Event,"Saturday, November 9",2:30 PM - 5:30 PM GMT,Lisbon
staaake,Special Pre Websummit Founders and Funders Power Walk (Free Walk),"Sunday, November 10",3:00 PM - 4:00 PM GMT,Web Summit
staaake,Websummit Warm Up Hidden Garden event,"Sunday, November 10",4:00 PM - 11:00 PM GMT,Web Summit
Pre-seed to Succeed,Pitch&Drink with P2S.vc in Lisbon,"Monday, November 11",6:00 PM - 10:00 PM GMT,Lisbon
Superconnectors Team,Superconnectors Lisbon 2024,"Tuesday, November 12",5:00 PM - 7:00 PM GMT,Web Summit
John Roche,Intercom Startup Party at Web Summit,"Tuesday, November 12",9:00 PM - 12:00 AM GMT,Web Summit
Carlo D'Agnolo,Bytes & Brews WebSummit - by Chainguard and c/side,"Wednesday, November 13",6:00 PM - 8:30 PM GMT,Web Summit
staaake,Special Websummit Hangover Founders and Funders Power Walk (Free Walk),"Friday, November 15",3:00 PM - 4:00 PM GMT,Web Summit
This Week in Fintech,London Fintech Breakfast,"Wednesday, October 16",8:30 AM - 10:30 AM GMT+1,London
Roosh Circle,London AI Meetup,"Wednesday, October 16",5:30 PM - 9:00 PM GMT+1,London
Isabel Zhang,WMN in Deep Tech,"Wednesday, October 16",5:45 PM - 9:00 PM GMT+1,London
Zee - AIFORGE,AI Forge - Mentor Matching Evening,"Wednesday, October 16",6:00 PM - 9:30 PM GMT+1,London
Chris Rouse,Founding and funding effective charities with Ambitious Impact & GWWC London,"Wednesday, October 16",6:00 PM - 10:00 PM GMT+1,London
Ben Hounsell,The Unplug Club,"Wednesday, October 16",6:30 PM - 9:00 PM GMT+1,London
Shonal Kapoor,Weekly Indoor Tennis,"Wednesday, October 16",8:00 PM - 9:00 PM GMT+1,London
Kevin Weatherman,Pitch and Run London,"Thursday, October 17",7:45 AM - 9:15 AM GMT+1,London
Vicki Yeo,CONCAVE SUMMIT 2024,"Thursday, October 17",8:45 AM - 5:30 PM GMT+1,London
Anna Kalbasko,TEDxWoodLaneWomen,"Thursday, October 17",9:00 AM - 5:00 PM GMT+1,London
punks not dead,HOLEY SHEET ! Preview,"Thursday, October 17",6:00 PM - 9:00 PM GMT+1,London
Julianna Walsh,Young Professional Women Networking in London,"Thursday, October 17",7:00 PM - 9:30 PM GMT+1,London
Superteam UK,London BuildStop,"Friday, October 18",10:00 AM - 8:30 PM GMT+1,London
The BAE HQ Team,Bae HQ x KES: Breaking into Y Combinator with Ahana Banerjee & Mariam Ahmed,"Friday, October 18",6:00 PM - 9:00 PM GMT+1,London
Founders Running Club,Founders Running Club :: London :: Easy Run + Talks,"Saturday, October 19",9:30 AM - 11:00 AM GMT+1,London
Ilya Kneppelhout,Offline Hangout + Board Games | London | The Offline Club,"Monday, October 21",6:00 PM - 8:30 PM GMT+1,London
NewComma,Art & Mind IV | Kwame Koda London Pop-Up,"Tuesday, October 22",6:00 PM - 10:30 PM GMT+1,London
Vasily Alekseenko,Co-founder matching with Rare Founders & SeedLegals,"Tuesday, October 22",6:00 PM - 10:00 PM GMT+1,London
Gozel,London Tech + Startups Social,"Wednesday, October 23",6:30 PM - 9:00 PM GMT+1,London
Hannah,AI for the rest of us,"Thursday, October 24","9:00 AM - Oct 25, 5:30 PM GMT+1",London
Infinito Delicias,Encuentro de Vecinos: Descubre Infinito Delicias,"Thursday, October 17",6:30 PM - 8:30 PM GMT+2,Madrid
mind.body.muse,Pilates & Cocktails,"Friday, October 18",7:00 PM - 9:30 PM GMT+2,Madrid
Guiris de Mierda,Big Sunset Rooftop Tardeo | OCTOBER,"Saturday, October 19",7:00 PM - 12:00 AM GMT+2,Madrid
Manuel,PyData + MLOps Community Madrid el 24 de Octubre!,"Thursday, October 24",6:30 PM - 8:30 PM GMT+2,Madrid
Guiris de Mierda,Halloween Freakfest üéÉ üëª,"Friday, October 25",8:00 PM - 12:00 AM GMT+2,Madrid
Ladies that UX Madrid,Investigaci√≥n en procesos de dise√±o: ¬øPor qu√©? ¬øQui√©n? ¬øC√≥mo? ¬øCu√°ndo? (y ¬øCu√°nto?),"Tuesday, October 29",6:30 PM - 8:30 PM GMT+1,Madrid
Javier Escribano,Tardeo de Producto en Madrid #8,"Wednesday, October 30",6:30 PM - 9:00 PM GMT+1,Madrid
Sasha Komarevych,Milan Startup Basket #6,"Wednesday, October 16",6:30 PM - 7:30 PM GMT+2,Milan
Viktor Shpakovsky,Investors Cocktails - IAC 2024,"Wednesday, October 16",7:00 PM - 10:00 PM GMT+2,Milan
The Offline Club,Serata Offline | Milano,"Monday, October 21",7:00 PM - 9:30 PM GMT+2,Milan
CODAME ART+TECH,ART+TECH Festival - Are We Connected?,"Friday, October 25",6:00 PM - 2:00 AM GMT+2,Milan
CODAME ART+TECH,ART+TECH Festival (Closing Celebration) - Are you smarter than me?,"Thursday, October 31",6:00 PM - 2:00 AM GMT+1,Milan
Daniel Melter,GenAI Wednesday ‚Äì AI & Entertainment: Revolutionizing Filmmaking,"Wednesday, October 16",6:30 PM - 10:00 PM GMT+2,Munich
Sven Haiges,Munich Tech Sauna October,"Thursday, October 17",5:30 PM - 9:30 PM GMT+2,Munich
Wolfram Kriesing,[hybrid] JavaScript The Language #76 - Proxy,"Thursday, October 17",7:00 PM - 8:30 PM GMT+2,Munich
femella Munich,femella Munich Launch Event,"Saturday, October 19",6:00 PM - 10:30 PM GMT+2,Munich
Sadik Bakiu,Munich MLOps Community Meetup #10,"Wednesday, October 23",6:30 PM - 9:30 PM GMT+2,Munich
V World,Tertulia y Networking en Femenino üíü,"Thursday, October 24",5:30 PM - 9:00 PM GMT+2,Munich
Creative Leadership Salon,Beyond Binaries ‚Äì The Almost Hidden Acceleration of Quantum Computing,"Thursday, October 24",6:30 PM - 10:00 PM GMT+2,Munich
dasBUUSENKOLLEKTIV,Tittie-Tints M√ºnchen,"Saturday, November 9",2:00 PM - 5:00 PM GMT+1,Munich
AFEN,L'AFEN pr√©sente ¬´Les Rencontres de l‚ÄôEDC 2024¬ª,"Tuesday, October 15","2:00 PM - Oct 16, 3:00 PM GMT+2",Paris
Raouf Chebri,GenAi for Devs,"Wednesday, October 16",6:00 PM - 8:00 PM GMT+2,Paris
BRAW,MIRAGES [an exclusive Ai exhibit] VERNISSAGE 16/10,"Wednesday, October 16","6:30 PM - Oct 20, 12:00 PM GMT+2",Paris
Elvira Badrtdinova,"Trust Wallet Paris Meetup: Web3, Tech, Crypto Soir√©e","Wednesday, October 16",7:00 PM - 10:00 PM GMT+2,Paris
ADPList,ADPList Meetup | Paris üá´üá∑,"Thursday, October 17",7:00 PM - 9:00 PM GMT+2,Paris
TON Society Europe,Paris Bootcamp | Hackers League Hackathon,"Friday, October 18","10:00 AM - Oct 20, 10:00 PM GMT+2",Paris
Thomas Le Borgne,"nanoguild kick-off | meetup AI, software, hardware, robotics","Friday, October 18",7:00 PM - 10:00 PM GMT+2,Paris
Founders Running Club,Founders Running Club :: Paris :: Easy 5K Run + Talks,"Saturday, October 19",9:30 AM - 11:00 AM GMT+2,Paris
Entrepreneur First,Saturday Morning Club,"Saturday, October 19",10:00 AM - 12:30 PM GMT+2,Paris
Sesamers,Taste of Innovation | FoodTech Afterhours ü™©,"Monday, October 21",6:00 PM - 10:00 PM GMT+2,Paris
Hello Tomorrow,Networking Cocktail with FoodTech innovators - SIAL Side Event‚éúHosted by Hello Tomorrow,"Monday, October 21",8:00 PM - 11:00 PM GMT+2,Paris
Thomas Mouflard,"Google Ads Power Walk / Founders, CMO, and SEA freelancers Power Walk","Wednesday, October 23",6:00 PM - 7:00 PM GMT+2,Paris
Alexandre Mithouard,French Tech Leaders EP03 - Jonathan Anguelov,"Wednesday, October 23",7:30 PM - 10:00 PM GMT+2,Paris
Entrepreneur First,French/acc #2,"Thursday, October 24",7:30 PM - 9:30 PM GMT+2,Paris
ArtVerse,Artist Talk & Cocktail Evening : Exhibition 'Hemyeong : Stitched Constellations on Hanji',"Friday, October 25",7:00 PM - 10:00 PM GMT+2,Paris
42 Entrepreneurs,[42Entrepreneurs] Start-up Pizza Night üçï Creators Economy ü§≥üì∏,"Tuesday, October 29",6:30 PM - 10:30 PM GMT+1,Paris
Equipe AE Paris,English-speaking EA afterwork in Paris,"Wednesday, October 30",6:30 PM - 8:30 PM GMT+1,Paris
Glucie,Nutrition avec Glucie : Conseils d‚ÄôExperts,"Wednesday, October 30",7:30 PM - 10:00 PM GMT+1,Paris
Vikit.ai,Creative AI Meetup @ Google Station F,"Wednesday, November 6",6:00 PM - 9:00 PM GMT+1,Paris
Women Techmakers Paris & Global Friends,"ExperienceAI: Femmes Scientifiques et IA, un jeu de Cartes √âducatif","Friday, November 15",6:00 PM - 8:30 PM GMT+1,Paris
Jocie Chan,Community Workshop: Finding Your Purpose,"Thursday, October 17",5:00 PM - 7:00 PM GMT+2,Stockholm
Founders Running Club,Founders Running Club :: Stockholm :: Easy Run + Networking,"Saturday, October 19",10:00 AM - 11:30 AM GMT+2,Stockholm
Drivhuset Stockholm,Spark Your Next Big Idea: 60-Minute Innovation Sprint,"Tuesday, October 22",12:00 PM - 1:00 PM GMT+2,Stockholm
Ingrid af Sandeberg,AiSalon Stockholm - AI for longevity,"Wednesday, October 23",5:30 PM - 8:30 PM GMT+2,Stockholm
Girls in Stockholm,Lululemoon X GirlsinSTHLM: Free Morning Yoga,"Sunday, November 3",10:00 AM - 11:00 AM GMT+1,Stockholm
Gozel,Zurich Tech + Startups Social.‚Äãüç∏üéâ,"Wednesday, October 23",6:00 PM - 9:00 PM GMT+2,Zurich
Michela Keller,"Fireside Chat with P√©ter Fankhauser, Co-founder CEO at ANYbotics","Thursday, October 24",5:30 PM - 7:00 PM GMT+2,Zurich
ITAKI Restaurant,BIZARRE Party-Halloween Edition,"Saturday, October 26",6:30 PM - 1:00 AM GMT+2,Zurich
Events - Brainforest,Zurich‚Äôs Tax Reform in Action: Implementing Entrepreneurial Funding Models,"Tuesday, November 5",8:30 AM - 10:00 AM GMT+1,Zurich
Trust Square,STARTUP.TAKEOVER 03 | Accelerate Sales Growth: Strategies for Startups with Manuel Hartmann,"Friday, November 8",8:30 AM - 11:30 AM GMT+1,Zurich
Trust Square,Future.Blueprint 01: It begins with the future,"Wednesday, November 13",1:00 PM - 6:30 PM GMT+1,Zurich
SwissAISummit,Swiss AI Summit,"Thursday, November 14",8:00 AM - 9:30 PM GMT+1,Zurich
KBTG,Navigating the Evolving Landscape of LLM Security,"Wednesday, October 16",6:00 PM - 9:00 PM GMT+7,Bangkok
Bitkub,Bitkub Summit 2024 | Gateway to the Future,"Saturday, October 19","8:00 AM - Oct 20, 8:00 PM GMT+7",Bangkok
Dehao Li,"ATM NEXUS - Game&AI,Bangkok","Monday, October 21",1:00 PM - 6:00 PM GMT+7,Bangkok
Sam,Moreta x Bangkok Launch Party,"Friday, October 25",8:00 PM - 4:00 AM GMT+7,Bangkok
KuyZa007,GlueRu Party Ep.2  (Halloween Day) Networking Crypto Night,"Thursday, October 31",4:00 PM - 10:00 PM GMT+7,Devcon
Rudy Baer,"Meetup Bangkok, Thailand","Tuesday, November 5",6:30 PM - 9:30 PM GMT+7,Bangkok
Tereza B√≠zkov√°,Design Jam: Bangkok 2024,"Wednesday, November 6","10:30 AM - Nov 7, 5:00 PM GMT+7",Devcon
QuillAudits,QuillCon CXO Brunch: DevCon,"Thursday, November 14",10:00 AM - 12:00 PM GMT+7,Devcon
SynergyLabs,Exploring VR with Internet Computer : A Hands-On Workshop,"Friday, November 8",11:00 AM - 2:00 PM GMT+7,Devcon
Charlie Rogers,Nillion DevCon Tuk Tuk Network,"Sunday, November 10","9:00 AM - Nov 15, 10:00 PM GMT+7",Devcon
Starknet Foundation,Hacker House Demo night at Stark Space,"Sunday, November 10",5:00 PM - 9:00 PM GMT+7,Devcon
SynergyLabs,Meme Mixer by Nest Wallet @ Devcon,"Sunday, November 10",5:00 PM - 8:00 PM GMT+7,Devcon
QuillAudits,QuillAudits x ICP Chainfusion Hackathon,"Sunday, November 10",5:30 PM - 6:30 PM GMT+7,Devcon
Nethermind,Preconf.erence @ Devcon 7,"Monday, November 11",9:00 AM - 7:00 PM GMT+7,Devcon
Ocean Protocol,Superintelligence Summit,"Monday, November 11",10:00 AM - 10:00 PM GMT+7,Devcon
0x499,The Scaling DeAI Summit,"Monday, November 11",10:00 AM - 7:00 PM GMT+7,Devcon
Epic Web3,dAGI Summit - AI x Web3 | Devcon Bangkok üáπüá≠,"Monday, November 11",12:00 PM - 7:00 PM GMT+7,Devcon
Argent,Abstract Bangkok,"Monday, November 11",1:30 PM - 6:30 PM GMT+7,Bangkok
web3.pro,WEB3.PRO WATERBOMB NIGHT,"Monday, November 11",4:00 PM - 11:00 PM GMT+7,Devcon
13DESK News,13Desk Meet Up | BKK Edition,"Monday, November 11",5:00 PM - 9:00 PM GMT+7,Devcon
Akash Akku,Startup Founders and Entrepreneurs - Meetup by Cedat Synerz,"Wednesday, October 16",5:00 PM - 8:00 PM GMT+5:30,Bengaluru
Amrutha Girivasan,Smart Protein Forum 2024,"Thursday, October 17","9:00 AM - Oct 18, 5:00 PM GMT+5:30",Bengaluru
Vishwas Narayan,Venture Capitalist's Mixer(VC Only Event),"Friday, October 18",5:00 PM - 7:00 PM GMT+5:30,Bengaluru
Vishwa Krishnakumar ,ZenMeet#2 -  Zenduty User Group Meetup,"Friday, October 18",6:00 PM - 8:30 PM GMT+5:30,Bengaluru
Suyash Kumar,The Breakfast Club Bengaluru #8,"Saturday, October 19",7:15 AM - 10:30 AM GMT+5:30,Bengaluru
The Product Folks üöÄ,üöÄ(Un)Conference '24: Not your regular Conference!,"Saturday, October 19",8:30 AM - 8:30 PM GMT+5:30,Bengaluru
E2E Networks Limited,AI Day Bangalore,"Saturday, October 19",10:00 AM - 1:00 PM GMT+5:30,Bengaluru
Vishwas Narayan,Data Ecosystem Connect,"Saturday, October 19",10:00 AM - 12:00 PM GMT+5:30,Bengaluru
Akash Akku,"Startup Mixer 3.0 | Entrepreneurs, Mentors, Professionals, Investors, Freelancers, Consultants","Saturday, October 19",10:00 AM - 1:00 PM GMT+5:30,Bengaluru
Akshay Gupta,Bengaluru Ruby Users Meetup in October,"Saturday, October 19",11:00 AM - 1:00 PM GMT+5:30,Bengaluru
Women in Product India,Women In Product India: Scaling Fintech Products Globally,"Saturday, October 19",11:00 AM - 1:00 PM GMT+5:30,Bengaluru
LesGo,Entrepreneurs Meetup: Building Nation via Entrepreneurship,"Saturday, October 19",5:00 PM - 7:00 PM GMT+5:30,Bengaluru
Accel in India,CMO Connect: Navigating AI In Marketing,"Monday, October 21",6:00 PM - 9:30 PM GMT+5:30,Bengaluru
Vishwas Narayan,MLOps Fireside Chat,"Tuesday, October 22",10:00 AM - 12:00 PM GMT+5:30,Bengaluru
Accel in India,Accel Atoms in Bangalore | Founder Connect,"Tuesday, October 22",6:00 PM - 9:30 PM GMT+5:30,Bengaluru
Nikunj Thakkar,D2C Mixer by Entrepreneur's Cafe,"Friday, October 25",4:30 PM - 8:00 PM GMT+5:30,Bengaluru
Neeraja Anupama,Manoratham,"Friday, October 25",5:30 PM - 8:00 PM GMT+5:30,Bengaluru
Srikanth Prabhu,Agara Walks & Filter Kaapi - Cracking US GTM for B2B Startups,"Saturday, October 26",7:30 AM - 9:30 AM GMT+5:30,Bengaluru
Mannotsava,Mannotsava: National Mental Health Festival - 26th & 27th October 2024,"Saturday, October 26","10:00 AM - Oct 27, 7:30 PM GMT+5:30",Bengaluru
The Shape of Work by Springworks,TSOW x Zappyhire x SpringVerify HR Meetup in Bangalore,"Saturday, October 26",4:00 PM - 7:00 PM GMT+5:30,Bengaluru
XDC Network,Founder-Investor Mixer,"Wednesday, October 16",9:30 AM - 11:30 AM GMT+4,Dubai
XDC Network,XDC DePIN Ecosystem,"Wednesday, October 16",3:00 PM - 5:00 PM GMT+4,Dubai
Vincenzo Ruffa,Exclusive Dinner for C-level and Executive,"Wednesday, October 16",8:00 PM - 11:00 PM GMT+4,Dubai
ONE OF US,ONE OF US x SUPERTEAM UAE Brazilian Jiu-Jitsu,"Thursday, October 17",8:00 AM - 9:00 AM GMT+4,Dubai
XDC Network,WEB3 & AI: Gitex Global Side Event,"Thursday, October 17",9:30 AM - 11:30 AM GMT+4,Dubai
Jean-Philippe DIEL - SymbionIQ‚Ñ¢,Data & healthcare @ SymbionIQ House - Shaping a User Centric And Privacy Preserving Future Together,"Thursday, October 17",10:00 AM - 5:00 PM GMT+4,Dubai
XDC Network,RWA Ecosystem on XDC,"Friday, October 18",9:30 AM - 11:30 AM GMT+4,Dubai
Meme Moon,MemeMoon Mania: Live Memecoin Trading Meetup 17th,"Friday, October 18",6:00 PM - 9:00 PM GMT+4,Dubai
LATOKEN,The Dubai Crypto Week After-Party by LATOKEN,"Friday, October 18",8:00 PM - 11:30 PM GMT+4,Dubai
Founders Running Club,Founders Running Club :: Dubai,"Saturday, October 19",6:55 AM - 8:25 AM GMT+4,Dubai
Stick No Bills,Stick No Bills Vol. 9,"Saturday, October 19",9:00 PM - 3:00 AM GMT+4,Dubai
Ellie,Blockchain Life 2024 KickOff Party  - BC Game Night,"Sunday, October 20",9:00 PM - 1:00 AM GMT+4,Dubai
dYdX Foundation,dYdX Day Dubai - Beyond All Limits,"Monday, October 21",10:30 AM - 4:30 PM GMT+4,Dubai
Akash Network,Artificially Unforgettable: Penthouse Party,"Monday, October 21",8:00 PM - 11:00 PM GMT+4,Dubai
Sergey Khusnetdinov,The Crypto VCs üõ≥Ô∏è YACHT @BL in Dubai,"Tuesday, October 22",7:00 PM - 10:59 PM GMT+4,Dubai
ArbitrageScanner Events,Blockchain Life 2024 & Binance Week VIP Side Event at villa near Five Palm by ArbitrageScanner.io,"Thursday, October 24","6:00 PM - Oct 26, 5:00 AM GMT+4",Dubai
Cryptorsy,HUSTLE PARTY by Cryptorsy,"Thursday, October 24",7:00 PM - 11:00 PM GMT+4,Dubai
Michael Ionita,Algo Trading Crypto For Retail - Learn How To Automate Your Crypto Portfolio,"Thursday, October 24",8:00 PM - 10:30 PM GMT+4,Dubai
Cointelegraph,"LONGITUDE by Cointelegraph, Dubai edition","Friday, October 25",3:00 PM - 10:30 PM GMT+4,Dubai
hang-w/me,hang-w/HIVE X The Sandy Times,"Saturday, October 26",2:00 PM - 9:00 PM GMT+4,Dubai
Paulus,DORA BUIDL Station 2024,"Saturday, October 19",9:30 AM - 12:00 PM GMT+7,Ho Chi Minh City
OpenGuild,Road to Sub0 in Vietnam,"Sunday, October 20",6:30 PM - 10:00 PM GMT+7,Ho Chi Minh City
Endeavor Vi·ªát Nam,Endeavor Scale Up Forum 2024,"Thursday, October 24",1:00 PM - 5:30 PM GMT+7,Ho Chi Minh City
Alex at Arbitrum,APAC DAO x Arbitrum Foundation - Vietnam Mixer for Builders,"Thursday, October 24",6:00 PM - 8:00 PM GMT+7,Ho Chi Minh City
Zak Aghbal,HCMC Content Creator Meetup,"Friday, October 25",6:30 PM - 9:30 PM GMT+7,Ho Chi Minh City
,Ivy Coffee Talk,"Saturday, October 26",8:00 AM - 11:00 AM GMT+7,Ho Chi Minh City
Bryan Kaia,[HCMC] Ride the Kaia Wave @ Vietnam Meetup,"Saturday, October 26",6:00 PM - 9:00 PM GMT+7,Ho Chi Minh City
Wes Jackson,HCMC AI Meetup,"Thursday, October 31",6:30 PM - 9:00 PM GMT+7,Ho Chi Minh City
Somnia,"Somnia‚Äôs Road to Devnet @ HCMC, Happy Hour w/ Somnia","Friday, November 1",4:30 PM - 8:30 PM GMT+7,Ho Chi Minh City
Victory Securities ÂãùÂà©Ë≠âÂà∏,ÁâõÂ∏ÇÊäïË≥á‰ΩàÂ±ÄÂ∞éËà™ÔºöÊïô‰Ω†Ë∑ëË¥è Ê∏ØÁæéËÇ°„ÄÅCrypto ÂàÜ‰∫´ÊúÉ,"Wednesday, October 16",7:00 PM - 9:00 PM GMT+8,#HKWeb3 Events Calendar
Pete Laverick,Help Businesses Level Up: Tech Content Pitching Night üí∞,"Thursday, October 17",6:30 PM - 8:30 PM GMT+8,Hong Kong
Shirley Lam,World Cafe: 30 is the new 20s ‰∏âÂçÅËÄåÁ´ã,"Thursday, October 17",7:00 PM - 10:00 PM GMT+8,Hong Kong
InvestHK,StartmeupHK Festival 2024 - Game On! 2024,"Tuesday, October 22",9:00 AM - 6:00 PM GMT+8,#HKWeb3 Events Calendar
Bowie Lau,GameOn! 2024 Founder Mode 2.0 Roundtable: The Asian Perspective,"Tuesday, October 22",3:00 PM - 5:00 PM GMT+8,#HKWeb3 Events Calendar
Nicole Wong,Aspire for Startups: Building & scaling across APAC (An Event of StartmeupHK Festival),"Tuesday, October 22",5:00 PM - 9:00 PM GMT+8,Hong Kong
Brinc,StartmeupHK Festival 2024 - Asia Health Innovation Summit,"Thursday, October 24",9:00 AM - 5:30 PM GMT+8,#HKWeb3 Events Calendar
Solana Foundation,Solana Hacker House - Hong Kong,"Thursday, October 24","10:00 AM - Oct 26, 8:00 PM GMT+8",#HKWeb3 Events Calendar
Womentors Limited,Academy for Women Entrepreneurs (AWE) Opening Ceremony,"Thursday, October 24",4:30 PM - 7:00 PM GMT+8,Hong Kong
BONK!!!,BONKbar - Hong Kong,"Friday, October 25",6:30 PM - 11:00 PM GMT+8,#HKWeb3 Events Calendar
Blockdaemon Events,The State of Digital Assets: Hong Kong Insights,"Monday, October 28",4:00 PM - 8:00 PM GMT+8,#HKWeb3 Events Calendar
Deribit,"The Fast Lane: Insights in Crypto Trading with AWS, Avelacom, Deribit, and Talos","Monday, October 28",5:00 PM - 8:00 PM GMT+8,Hong Kong
EX.IO,Crypto Fusion Night: Together we fortify the connection between WEB3 and TradFI,"Monday, October 28",7:00 PM - 10:00 PM GMT+8,#HKWeb3 Events Calendar
Mind Network,Chainlink on My Mind: BUILD with FHE,"Tuesday, October 29",2:00 PM - 6:00 PM GMT+8,#HKWeb3 Events Calendar
Miz Feiler,Not Your Token Hong Kong,"Tuesday, October 29",4:00 PM - 8:00 PM GMT+8,#HKWeb3 Events Calendar
MUNG Legal,Understanding Blockchain Disputes,"Thursday, October 31",12:30 PM - 2:30 PM GMT+8,#HKWeb3 Events Calendar
GenieFriends,Open House: Pitch Your Friend Party! üá≠üá∞,"Saturday, November 2",8:00 PM - 11:30 PM GMT+8,Hong Kong
,ProgrezCon 2024 with Atlassian,"Wednesday, October 16",8:30 AM - 3:00 PM GMT+7,Jakarta
AppWorks,TINC #9 + AppWorks Demo Day,"Wednesday, October 23",4:00 PM - 7:30 PM GMT+7,Jakarta
Tech in Asia,Tech in Asia Conference Networking Night,"Wednesday, October 23",6:00 PM - 8:00 PM GMT+7,Jakarta
Iterative,"Tell Me Your Biggest Startup Challenge, and I‚Äôll Help You Solve It","Wednesday, October 23",6:00 PM - 8:30 PM GMT+7,Jakarta
Singapore Education Network,Jakarta Education Lounge: October 2024,"Thursday, October 24",1:30 PM - 5:00 PM GMT+7,Jakarta
Neil Cheong,Venture Capital Learning Lab Masterclass Series: Capital Efficiencies in Operations (Part 1),"Wednesday, October 16",2:00 PM - 5:30 PM GMT+8,Kuala Lumpur
Amir,Make Crypto Great Again: How GameFi Could Fuel the Next Bull Run,"Thursday, October 17",8:00 PM - 11:00 PM GMT+8,Kuala Lumpur
Brendan Beh,Malaysia | AI-Builder Co-working,"Saturday, October 19",1:00 PM - 6:00 PM GMT+8,Kuala Lumpur
Reconnect Wellness,Self Love Workshop,"Saturday, October 19",7:00 PM - 9:00 PM GMT+8,Kuala Lumpur
Endeavor Malaysia,(Endeavor x WGC Roundtable) The Power of Strategic Partnerships: How Ecosystem Support Can Unlock Funding,"Tuesday, October 22",10:30 AM - 2:00 PM GMT+8,Kuala Lumpur
Aziz Ouertani,"Meetup Kuala Lumpur, Malaysia","Tuesday, October 22",6:30 PM - 9:30 PM GMT+8,Kuala Lumpur
Sunway Blockchain Club,Genesis ‚ú¶ by Sunway Blockchain | Networking & Mixer,"Thursday, October 24",6:00 PM - 10:00 PM GMT+8,Kuala Lumpur
Woots! Event,Human Design Assembly: Unearthing Diversity and Inclusion in Malaysia,"Friday, October 25",2:30 PM - 4:30 PM GMT+8,Kuala Lumpur
Shift,Infobip Connect - Kuala Lumpur Tech Meetup,"Monday, October 28",6:00 PM - 9:00 PM GMT+8,Kuala Lumpur
Go Monsta,Kotex #SheCan Fund Finale Ceremony & Media Launch Event,"Tuesday, October 29",2:30 PM - 5:00 PM GMT+8,Kuala Lumpur
Tech Listens,Tech Listens: GOAB Mixer Night (w/ Coins.PH),"Thursday, October 17",5:30 PM - 9:00 PM GMT+8,Manila
AWS Cloud Clubs - TIP Manila,Generative AI Camp: Unlocking the Future with Generative AI,"Friday, October 18",1:00 PM - 6:00 PM GMT+8,Manila
Jacqueline Chua,GrowthStory. tips & tools for small business,"Friday, October 18",5:00 PM - 9:00 PM GMT+8,Manila
Hey! Socials,"Sip & Spy: Spy-Themed Game Night (Friday, Oct. 18 8PM)","Friday, October 18",8:00 PM - 10:00 PM GMT+8,Manila
FFDG Manila,FFDC Extended Manila: Build Next-Gen Apps with FlutterFlow 5.0,"Saturday, October 19",12:30 PM - 5:30 PM GMT+8,Manila
MSJOYPH - BLESSIE JOY MITAH PULGA,CONNECTEDWOMEN,"Wednesday, October 23",3:00 PM - 7:00 PM GMT+8,Manila
La French Tech Manila,French Tech Community Launch,"Thursday, October 24",6:30 PM - 10:00 PM GMT+8,Manila
Pia Bernal,#135 RAID THE FRIDGE: Open Mic Night!,"Thursday, October 31",5:00 PM - 10:00 PM GMT+8,Manila
Ngoc Le,Chinatown Comedy Club - Secret Stand-Up Sessions,"Wednesday, October 16",7:30 PM - 10:00 PM GMT+11,Melbourne
Courtney Robertson,Spring Fling,"Thursday, October 17",6:00 PM - 9:00 PM GMT+11,Melbourne
Runway Journal,Runway Journal Issue 48: Groundswell launch,"Sunday, October 20",3:00 PM - 6:30 PM GMT+11,Melbourne
The Community Collective,üèµ The Art of Facilitation Melbourne Workshop,"Wednesday, October 23",5:30 PM - 7:30 PM GMT+11,Melbourne
Airtree,Airtree Pioneers: Leadership workshop with Simone Weston,"Thursday, October 24",7:00 AM - 9:00 AM GMT+11,Melbourne
ASPIRE,ASPIRE - Networking and Conversation Series 5,"Thursday, October 24",4:15 PM - 8:15 PM GMT+11,Melbourne
Startmate,Startmate Pitches & Pizza (Melbourne),"Thursday, October 24",5:30 PM - 8:00 PM GMT+11,Melbourne
Candice Hung | LUCID LEADERSHIP,October Growth Circle - Half Day Retreat,"Friday, October 25",9:30 AM - 2:00 PM GMT+11,Melbourne
Mayfly Ventures,Startup Sips,"Friday, October 25",5:00 PM - 7:30 PM GMT+11,Melbourne
Think Olio,Olio MEL: Your Inner Youngster,"Friday, October 25",7:30 PM - 9:30 PM GMT+11,Melbourne
Studio POMPOM,Great Minds Dine Alike: Vol 1,"Friday, November 1",12:30 PM - 2:30 PM GMT+11,Melbourne
Amber Mainüíéüíé,LikeMinded Event Expo,"Friday, November 15",5:00 PM - 9:30 PM GMT+11,Melbourne
Arweave India,Arweave India Debrief - Mumbai,"Saturday, October 19",11:00 AM - 3:00 PM GMT+5:30,Mumbai
Women in Product India,Scaling Fintech Products Globally,"Saturday, October 19",11:00 AM - 1:00 PM GMT+5:30,Mumbai
Siddharth Bhatia ,Kurzgesagt Meetup Mumbai,"Saturday, October 19",4:30 PM - 8:30 PM GMT+5:30,Mumbai
Entrepreneurs Arch,Entrepreneur's Mixer (Mumbai),"Sunday, October 20",1:00 PM - 4:00 PM GMT+5:30,Mumbai
Mohini Kumar,AI Mixer ü§ñ | WeWork Labs x SenseAI,"Wednesday, October 23",5:30 PM - 9:30 PM GMT+5:30,Mumbai
Accel in India,Accel Atoms in Mumbai | Founder Connect Dinner,"Thursday, October 24",6:30 PM - 9:30 PM GMT+5:30,Mumbai
Neel Shah,Observability Meetup Mumbai,"Saturday, October 26",10:00 AM - 1:00 PM GMT+5:30,Mumbai
Manah HQ,The Impact Sector Wellbeing¬†Summit,"Wednesday, October 16",9:00 AM - 1:00 PM GMT+5:30,New Delhi
The Shape of Work by Springworks,TSOW x SpringVerify HR Meetup in Gurugram,"Wednesday, October 16",5:30 PM - 8:30 PM GMT+5:30,New Delhi
Nupur Verma,0-to-1 Founders Club: Trails and Tales,"Saturday, October 19",7:00 AM - 9:00 AM GMT+5:30,New Delhi
Arpit Gupta,Design System Meetup 2024,"Saturday, October 19",3:00 PM - 7:00 PM GMT+5:30,New Delhi
E2E Networks Limited,AI Day Delhi,"Saturday, October 19",4:00 PM - 7:00 PM GMT+5:30,New Delhi
Entrepreneurs Arch,Entrepreneur's Mixer (Noida),"Saturday, October 19",6:00 PM - 9:00 PM GMT+5:30,New Delhi
Alumni Club,Mix & Match,"Sunday, October 20",12:00 PM - 3:00 PM GMT+5:30,New Delhi
Women in Product India,WIP India Speaker session & AMA - Role of Data in Product Management,"Saturday, October 26",6:00 PM - 7:00 PM GMT+5:30,New Delhi
Anthony Hanf,Seoul Crypto Meetup,"Wednesday, October 16",7:00 PM - 10:00 PM GMT+9,Seoul
Jaehong,2024 Ïã†ÏûÑ ÏûÑÏõê ÏúÑÏ¥âÏãù Î∞è Ï¥àÎåÄÏûëÍ∞ÄÏ¶ù ÏàòÏó¨Ïãù + ÏûÑÏãúÏ¥ùÌöå,"Friday, October 18",1:00 PM - 4:00 PM GMT+9,Seoul
CrossFi,CrossFi Mainnet Launch: Seoul,"Friday, October 18",7:00 PM - 10:00 PM GMT+9,Seoul
Invited,Invited: House & Techno Under the Sunset,"Saturday, October 19",2:30 PM - 8:30 PM GMT+9,Seoul
Seoul Startups,[CommuniTea] ActPreneur: Kickstart Your Entrepreneurial Journey in Korea,"Monday, October 21",6:30 PM - 9:00 PM GMT+9,Seoul
Global Startup Center,Patent Design Workshop,"Tuesday, October 22",2:00 PM - 6:00 PM GMT+9,Seoul
nordy,ComfyUI Frontier Meetup,"Thursday, October 24",6:00 PM - 9:30 PM GMT+9,Seoul
VESSL AI,"MLOps Now ‚Äî Meet Agent & LLM Builders by VESSL AI, Dify and more","Friday, October 25",2:00 PM - 6:00 PM GMT+9,Seoul
Masaru,HA-HA-HALLOWEEN PARTY,"Saturday, October 26",8:00 PM - 12:00 AM GMT+9,Seoul
Daud,Middy's Singapore - 17 October,"Thursday, October 17",5:30 PM - 10:30 PM GMT+8,Singapore
Arav Behl,Creators Connect Walk: Innovators & Builders of Singapore,"Friday, October 18",7:00 PM - 9:00 PM GMT+8,Singapore
ABGA,Opening Party of ABGA Founders Club,"Sunday, October 20",2:30 PM - 6:00 PM GMT+8,Singapore
Liyen,Founder Fright Night: Jialat Investor Stories,"Friday, October 25",6:00 PM - 10:00 PM GMT+8,Singapore
Rachel,Deep Dive into GenAI and NIMs with the Ignition AI Accelerator (by Tribe & NVIDIA),"Monday, October 28",2:00 PM - 4:00 PM GMT+8,Singapore
ACE.SG,SWITCH Global Tech Mixer @ National Gallery,"Tuesday, October 29",6:00 PM - 10:00 PM GMT+8,Singapore
Caela Tanjangco,üéÉ Tech or Treat: A Halloween-themed After Party to SWITCH,"Wednesday, October 30",6:30 PM - 10:00 PM GMT+8,Singapore
,Embracing Autonomy: Empowering Leaders to Execute,"Wednesday, October 30",7:30 PM - 9:30 PM GMT+8,Singapore
,LeSS Conference Singapore 2024,"Monday, November 4",8:00 AM - 7:00 PM GMT+8,Singapore
Hustle Fund,Founder Friends Singapore Fintech Festival,"Wednesday, November 6",6:00 PM - 8:00 PM GMT+8,Singapore
Singapore Education Network,Singapore Education Lounge: November 2024,"Wednesday, November 6",6:00 PM - 8:30 PM GMT+8,Singapore
Shivang Gupta (TGB),GenAI: Beyond Borders  | TGB x Hatch,"Tuesday, November 12",6:30 PM - 9:00 PM GMT+8,Singapore
Mind the Bridge,SYDNEY SCALEUP SUMMIT 2024,"Wednesday, October 16",9:00 AM - 5:00 PM GMT+11,Sydney
The Test Tribe,"Testing LLMs: Strategies, Use Cases, and Best Practices | In Person Testers Meetup | Sydney","Wednesday, October 16",4:00 PM - 6:00 PM GMT+11,Sydney
Nathan Huang,Crypto Collective: Industry Insights,"Wednesday, October 16",5:30 PM - 9:30 PM GMT+11,SXSW Sydney
Qapita,Drinks w/ Qapita,"Wednesday, October 16",6:00 PM - 9:00 PM GMT+11,Sydney
The Community Collective,üèµ FKS x Standard Ledger x The CC x Frontcover: Coffee & Pancakes,"Thursday, October 17",8:00 AM - 9:30 AM GMT+11,SXSW Sydney
Jessica Sophia Wong (Yorkseed Founder),Yorkseed Passport Series: Sydney Walk and Talk Edition,"Thursday, October 17",8:30 AM - 10:30 AM GMT+11,SXSW Sydney
Side Stage Ventures,AI ‚Äî friend or foe to human creativity?,"Thursday, October 17",3:00 PM - 4:00 PM GMT+11,SXSW Sydney
zac king,FEC Sydney IRL Meetup,"Thursday, October 17",5:00 PM - 8:00 PM GMT+11,Sydney
Forever Projects,Flip the Script: Amplifying female founders around the world,"Wednesday, October 23",6:00 PM - 9:00 PM GMT+11,Sydney
Maggie,DesignOps Assembly Sydney: A talk with Rachel Zhang,"Thursday, October 24",5:30 PM - 7:30 PM GMT+11,Sydney
Startmate,Startmate Pitches & Pizza (Sydney),"Thursday, October 24",5:30 PM - 8:00 PM GMT+11,Sydney
Annie Liao ü¶ò,AI Tech Stack Roast üî•,"Friday, October 25",5:30 PM - 6:30 PM GMT+11,Sydney
Trikone Australia,Beyond the Closet: From Fear to Freedom,"Friday, October 25",6:00 PM - 8:00 PM GMT+11,Sydney
Ross Dawson,Generative AI Leaders Lunch,"Monday, October 28",12:00 PM - 2:00 PM GMT+11,Sydney
Chris Ingate,"The 'Do Good, Feel Good' Ball","Saturday, November 9",7:00 PM - 12:00 AM GMT+11,Sydney
Taylor Fox-Smith,Airwallex x Folklore Ventures: Women in Finance #2,"Wednesday, November 13",5:00 PM - 8:00 PM GMT+11,Sydney
AppWorks,"[TW] GTM Strategy for Consumer Products by Davidd Liu, CEO of WeMo Scooter (AW#2/AW#12)","Wednesday, October 16",3:00 PM - 4:00 PM GMT+8,Taipei
Nucleate Taiwan,AI in Biotech: Applications in Healthcare,"Thursday, October 17",6:30 PM - 10:00 PM GMT+8,Taipei
AppWorks,Google Cloud x NVIDIA GenAI Startup Tech Day,"Friday, October 18",1:30 PM - 6:00 PM GMT+8,Taipei
WTM Taipei,Â∑•Á®ãÂ∏´ËàáÊäÄË°ìÂÇµÁöÑÂÖ±Â≠ò‰πãË∑Ø,"Saturday, October 19",10:00 AM - 12:30 PM GMT+8,Taipei
WTM Taipei,Â¢ûÈÄ≤Ê∫ùÈÄöÊïàÁéáÂ∑•‰ΩúÂùä,"Saturday, October 19",1:00 PM - 5:00 PM GMT+8,Taipei
Nicky Schaub,AiSalon Taiwan @ Appier,"Friday, October 25",7:00 PM - 9:00 PM GMT+8,Taipei
AppWorks,"[TW] GTM Strategy for B2B Startups by Happy Lee, CPO of 91APP","Thursday, October 31",4:00 PM - 5:00 PM GMT+8,Taipei
Luxmin - ‰∫íÂãïÈ´îÈ©óË®≠Ë®àÂ∑•‰ΩúÂÆ§,TXRX ‰∫íÂãïÈ´îÈ©óÂ§ßÊúÉ - Â±ïË¶Ω x Ë´ñÂ£á x Â∑•‰ΩúÂùä,"Friday, November 1","10:00 AM - Nov 3, 6:00 PM GMT+8",Taipei
Lee Ting Ting,AI Â∑•ÂÖ∑Á†îÁ©∂Á§æ‰∫§ÊµÅÂ∞èËÅö üåü,"Saturday, November 2",6:00 PM - 9:00 PM GMT+8,Taipei
Madison H,Overview of Decision-Making Frameworks at Google for Startups Campus,"Wednesday, October 16",7:00 PM - 9:00 PM GMT+9,Tokyo
Yukino,„ÄêÊÆãËã•Âπ≤Âêç‚îÉÁèæÁä∂50ÂêçÂèÇÂä†‰∫àÂÆö„ÄëStartUP√óÊäïË≥áÂÆ∂√óÂ£´Ê•≠Meetup vol5,"Wednesday, October 16",7:00 PM - 9:00 PM GMT+9,IVS2024-25 Official Side Event List - „Çµ„Ç§„Éâ„Ç§„Éô„É≥„Éà‰∏ÄË¶ß
Katie Marple,"Women‚Äôs Solution Circle for Leadership, Collaboration, and Innovation","Wednesday, October 16",7:30 PM - 9:30 PM GMT+9,Tokyo
È´òÊ©ãÁøîÂêæ,10/17(Êú®) 11:30ÔΩ∞13:10„Äé„Ç®„É≥„Ç∏„Çß„É´„Çπ„ÇØ„É©„É≥„Éñ„É´„Äè@Ê∏ãË∞∑,"Thursday, October 17",11:30 AM - 1:00 PM GMT+9,Startup CalendarÔΩú„Çπ„Çø„Éº„Éà„Ç¢„ÉÉ„Éó„Ç´„É¨„É≥„ÉÄ„Éº
Takram,Exhibition & Talk ÔΩúTakram„Å®„Éó„É≠„ÉÄ„ÇØ„Éà„Éá„Ç∂„Ç§„É≥,"Friday, October 18","11:00 AM - Oct 27, 6:00 PM GMT+9",Tokyo
Antler Japan,Exclusive Co-Founder Connect -Antler Japan Residency3-,"Friday, October 18",5:00 PM - 10:00 PM GMT+9,Tokyo
sae,„Ç¢„É°„É™„Ç´„ÅÆVC„Åã„Çâ„ÅÆË≥áÈáëË™øÈÅî„ÇíÊàêÂäü„Åï„Åõ„Çã„Å´„ÅØÔºöInception StudioÂâµÊ•≠ËÄÖJohn WhaleyÊ∞èÁâπÂà•Ë¨õÊºî,"Friday, October 18",6:30 PM - 10:00 PM GMT+9,IVS2024-25 Official Side Event List - „Çµ„Ç§„Éâ„Ç§„Éô„É≥„Éà‰∏ÄË¶ß
„Éó„É≠„Éà„Çπ„Çø„ÉºÊ†™Âºè‰ºöÁ§æ_ÊàêÊùæ ÁæéËèú,„ÄéCX2.0„Äè‰∫¨Áéã„Å®‰∏∏‰∫ï„ÅåËÄÉ„Åà„ÇãÊú™Êù•„ÅÆÈ°ßÂÆ¢‰ΩìÈ®ìÔΩûÂÖ±Ââµ„Åã„ÇâË¶ã„Åà„Å¶„Åè„ÇãÊñ∞‰∏ñÁïåÔΩû,"Friday, October 18",7:00 PM - 9:00 PM GMT+9,Startup CalendarÔΩú„Çπ„Çø„Éº„Éà„Ç¢„ÉÉ„Éó„Ç´„É¨„É≥„ÉÄ„Éº
Miho Kinomura,NFFT2025 SS AI Fashion Movie Â±ï 10/19 „É¨„Çª„Éó„Ç∑„Éß„É≥„Éë„Éº„ÉÜ„Ç£„Éº„Å∏„ÅÆ„ÅîÊ°àÂÜÖ,"Saturday, October 19",6:00 PM - 10:00 PM GMT+9,Tokyo
kizuna collective,(take 2) how can cultures coexist? - ‚òïÔ∏è tea & sharing in the park,"Sunday, October 20",2:30 PM - 4:30 PM GMT+9,Tokyo
Global Women Entrepreneur Salon,#1 Challenges and Visions of Women Entrepreneurs Thriving on the Global Stage,"Tuesday, October 22",6:30 PM - 8:30 PM GMT+9,Tokyo
SHIBUYA STARTUP OASIS,VC„É™„Éê„Éº„Çπ„Éî„ÉÉ„ÉÅ in OASIS,"Thursday, October 24",6:30 PM - 10:00 PM GMT+9,Startup CalendarÔΩú„Çπ„Çø„Éº„Éà„Ç¢„ÉÉ„Éó„Ç´„É¨„É≥„ÉÄ„Éº
„ÄêCREABAÂ†¥„ÄëCREABA,Fall into Creativity: Lightning Talks [CREABA x PT],"Saturday, October 26",3:00 PM - 6:00 PM GMT+9,Tokyo
seya,LLMËµ§Ë£∏„ÄÖ„Éä„Ç§„Éà „Äú#3 LLM„Éó„É≠„ÉÄ„ÇØ„ÉàÈÅãÁî®Á∑®„Äú,"Tuesday, October 29",7:30 PM - 10:00 PM GMT+9,Tokyo
Off Topic,Off Topic meetup,"Friday, November 1",6:00 PM - 9:00 PM GMT+9,Tokyo
Own The Doge,Doge Day 2024,"Saturday, November 2",11:00 AM - 6:00 PM GMT+9,Tokyo
Orbs Japan,ORBS Cafe #4,"Wednesday, November 13",7:00 PM - 9:30 PM GMT+9,Tokyo
Bountiis,Muslimah Health 5.0,"Sunday, October 20","9:30 AM - Oct 21, 5:00 PM GMT+1",Lagos
Snapnet Limited,Next Gen Banking: Automating E-Banking Operations with Microsoft Power Platform and Robotic Process Automation (RPA),"Tuesday, October 22",9:30 AM - 1:00 PM GMT+1,Lagos
Onaniyi Peter,LIVE DRUMS AND WORSHIP CONCERT 2.0,"Sunday, October 27",3:00 PM - 9:00 PM GMT+1,Lagos
Roberts Charity Foundation,Resilience By Roberts Charity Foundation X Canvas,"Saturday, November 2",11:00 AM - 7:00 PM GMT+1,Lagos
Lit & Loud Gang,Lit & Loud 1.0,"Saturday, November 2",8:00 PM - 3:00 AM GMT+1,Lagos
Mytherapist.ng,The Wellness Catalysts Workshop,"Saturday, November 9",9:30 AM - 4:30 PM GMT+1,Lagos
TLcom Capital,TLcom Mixer: Celebrating Africa's Tech Ecosystem,"Thursday, October 17",6:00 PM - 9:00 PM GMT+3,Nairobi
HEI Innovation,"GIA (Government, Industry, Academia) Forum Kenya","Thursday, October 24",4:00 PM - 5:30 PM GMT+3,Nairobi
Pst Emmanuel ,Free Cancer Screening,"Saturday, October 26",10:00 AM - 4:00 PM GMT+3,Nairobi
NotNerdy Bookclub,SILENT READING PARTY ü•≥üìö,"Saturday, November 2",12:00 PM - 5:00 PM GMT+3,Nairobi
ESA Women In Engineering Kenyatta University Chapter,Women In Engineering Summit V2.0,"Thursday, November 7","8:00 AM - Nov 8, 5:00 PM GMT+3",Nairobi
